List of cycle segments
Segment	1	2	156750487	156752011
Segment	2	2	156750487	156753641
Segment	3	2	156750487	156761159
Segment	4	2	156759707	156761159
Segment	5	2	156760306	156761159
Segment	6	2	156760487	156761159
Segment	7	6	142693194	142710898
Segment	8	6	142693194	142710923
Segment	9	6	142693194	142720273
Segment	10	6	142693194	142731381
Segment	11	6	142693194	142732433
Segment	12	6	142693194	142737545
Segment	13	6	142693194	142738163
Segment	14	6	142693194	142908170
Segment	15	6	142693194	142909277
Segment	16	6	142693194	142910391
Segment	17	6	142693194	142913294
Segment	18	6	142693194	142921377
Segment	19	6	142693194	144273509
Segment	20	6	142693194	144798101
Segment	21	6	142720079	142906035
Segment	22	6	142720079	142921377
Segment	23	6	142722308	142906593
Segment	24	6	142722308	142922013
Segment	25	6	142725324	142870607
Segment	26	6	142727394	142871239
Segment	27	6	142728528	142738163
Segment	28	6	142729662	142738163
Segment	29	6	142730263	142737545
Segment	30	6	142730461	142737545
Segment	31	6	142739465	142752352
Segment	32	6	142739465	142845913
Segment	33	6	142739465	142909277
Segment	34	6	142740885	142752899
Segment	35	6	142740885	142844572
Segment	36	6	142740885	142908170
Segment	37	6	142745849	142765671
Segment	38	6	142745849	142909277
Segment	39	6	142746425	142767423
Segment	40	6	142746425	142769442
Segment	41	6	142746425	142858903
Segment	42	6	142748477	142768586
Segment	43	6	142748477	142769465
Segment	44	6	142748477	142851262
Segment	45	6	142750490	142767030
Segment	46	6	142750490	142908170
Segment	47	6	142753954	142757778
Segment	48	6	142753954	142892788
Segment	49	6	142755929	142756264
Segment	50	6	142755929	142889669
Segment	51	6	142756541	142757033
Segment	52	6	142756541	142757099
Segment	53	6	142756541	142811311
Segment	54	6	142756541	142814313
Segment	55	6	142756541	142869631
Segment	56	6	142756541	142870976
Segment	57	6	142769636	142769912
Segment	58	6	142769636	142774302
Segment	59	6	142772306	142772948
Segment	60	6	142772306	142773467
Segment	61	6	142773262	142773467
Segment	62	6	142773262	142775072
Segment	63	6	142773262	142777589
Segment	64	6	142773262	142800207
Segment	65	6	142773262	142858903
Segment	66	6	142773622	142774302
Segment	67	6	142773622	142775351
Segment	68	6	142773622	142778268
Segment	69	6	142773622	142801338
Segment	70	6	142773622	142851262
Segment	71	6	142782943	142801338
Segment	72	6	142784202	142800207
Segment	73	6	142790297	142813338
Segment	74	6	142790805	142811344
Segment	75	6	142810271	142813338
Segment	76	6	142810271	142848145
Segment	77	6	142811008	142811344
Segment	78	6	142811008	142847084
Segment	79	6	142811223	142811311
Segment	80	6	142813267	142814313
Segment	81	6	142814760	142841465
Segment	82	6	142814760	142906593
Segment	83	6	142816029	142845913
Segment	84	6	142816844	142844572
Segment	85	6	142817049	142842287
Segment	86	6	142817049	142906035
Segment	87	6	142818478	142845913
Segment	88	6	142822118	142845913
Segment	89	6	142823604	142844572
Segment	90	6	142824029	142844572
Segment	91	6	142834635	142845913
Segment	92	6	142835644	142844572
Segment	93	6	142837598	142844572
Segment	94	6	142837598	142845913
Segment	95	6	142850996	142909277
Segment	96	6	142850996	142913149
Segment	97	6	142854447	142908170
Segment	98	6	142854447	142913907
Segment	99	6	142868657	142906593
Segment	100	6	142868739	142906035
Segment	101	6	142910774	142922013
Segment	102	6	142912133	142921377
Segment	103	6	142912590	142922013
Segment	104	6	142914184	142921377
Segment	105	6	142920800	142921377
Segment	106	6	142920800	144431976
Segment	107	6	142920800	144578618
Segment	108	6	142920800	144901014
Segment	109	6	142920800	145435323
Segment	110	6	142920800	145503845
Segment	111	6	142920800	146189282
Segment	112	6	142921426	142952375
Segment	113	6	142921426	144405128
Segment	114	6	142921426	145728572
Segment	115	6	142921756	142922013
Segment	116	6	142921756	142953403
Segment	117	6	142921756	145729262
Segment	118	6	142921770	142922013
Segment	119	6	142921770	142932118
Segment	120	6	142921770	143042675
Segment	121	6	142921770	143056244
Segment	122	6	142921770	144903348
Segment	123	6	142921770	145854423
Segment	124	6	142921770	146077077
Segment	125	6	142921770	146105197
Segment	126	6	142921770	146162312
Segment	127	6	142922605	142923636
Segment	128	6	142922605	143043428
Segment	129	6	142922605	143057032
Segment	130	6	142922605	143360303
Segment	131	6	142922605	144650858
Segment	132	6	142922605	144798101
Segment	133	6	142922605	144903967
Segment	134	6	142922605	145720580
Segment	135	6	142922605	145752341
Segment	136	6	142922605	145756334
Segment	137	6	142922605	145841395
Segment	138	6	142922605	145846884
Segment	139	6	142922605	145847166
Segment	140	6	142922605	146076085
Segment	141	6	142922605	146106863
Segment	142	6	142922605	146160999
Segment	143	6	142922605	146170867
Segment	144	6	142922605	146190378
Segment	145	6	142925898	142958038
Segment	146	6	142925898	142977938
Segment	147	6	142925898	143050643
Segment	148	6	142925898	144618271
Segment	149	6	142925898	144623928
Segment	150	6	142925898	144895466
Segment	151	6	142925898	145830300
Segment	152	6	142925898	145991601
Segment	153	6	142925898	146191277
Segment	154	6	142926027	144407298
Segment	155	6	142926027	144432756
Segment	156	6	142926027	144582980
Segment	157	6	142926027	144651991
Segment	158	6	142926027	144798653
Segment	159	6	142926027	144902468
Segment	160	6	142926027	145437794
Segment	161	6	142926027	145505067
Segment	162	6	142926027	145723330
Segment	163	6	142926027	145753267
Segment	164	6	142926027	145757411
Segment	165	6	142926027	145842724
Segment	166	6	142926027	145851879
Segment	167	6	142926027	146171479
Segment	168	6	142926027	146190330
Segment	169	6	142926027	146193632
Segment	170	6	142928969	142959832
Segment	171	6	142928969	142979526
Segment	172	6	142928969	143052081
Segment	173	6	142928969	144618862
Segment	174	6	142928969	144630334
Segment	175	6	142928969	144896033
Segment	176	6	142928969	145831460
Segment	177	6	142928969	145992051
Segment	178	6	142928969	146193445
Segment	179	6	142951508	143044739
Segment	180	6	142951508	143113884
Segment	181	6	142951508	145867358
Segment	182	6	142952966	143045886
Segment	183	6	142952966	143114747
Segment	184	6	142952966	145867667
Segment	185	6	142957874	142979425
Segment	186	6	142959382	142981210
Segment	187	6	142966557	142979425
Segment	188	6	142966557	143045886
Segment	189	6	142967926	143114747
Segment	190	6	142969095	143113884
Segment	191	6	142971681	142981210
Segment	192	6	142971681	143044739
Segment	193	6	142982944	143034918
Segment	194	6	142984188	143031899
Segment	195	6	142998332	143029196
Segment	196	6	142998332	143034918
Segment	197	6	142998332	143043428
Segment	198	6	142999517	143030855
Segment	199	6	142999517	143031899
Segment	200	6	142999517	143042675
Segment	201	6	143030838	143043428
Segment	202	6	143031907	143042675
Segment	203	6	143034781	143057032
Segment	204	6	143035522	143056244
Segment	205	6	143040225	143045886
Segment	206	6	143041897	143044739
Segment	207	6	143054210	143113884
Segment	208	6	143054210	143114747
Segment	209	6	143054303	143114747
Segment	210	6	143055561	143113884
Segment	211	6	143055720	143057106
Segment	212	6	143055720	143114747
Segment	213	6	143057113	143058755
Segment	214	6	143057113	143113884
Segment	215	6	143058913	143083892
Segment	216	6	143058913	143114747
Segment	217	6	143061416	143085447
Segment	218	6	143061416	143113884
Segment	219	6	143079268	143114747
Segment	220	6	143079553	143113884
Segment	221	6	143082344	143114747
Segment	222	6	143084755	143113884
Segment	223	6	143111915	143114747
Segment	224	6	143113064	143113884
Segment	225	6	143113187	143134827
Segment	226	6	143113187	144580282
Segment	227	6	143113187	144927185
Segment	228	6	143113913	143115156
Segment	229	6	143113913	143116833
Segment	230	6	143113913	143124761
Segment	231	6	143113913	143126217
Segment	232	6	143113913	143128391
Segment	233	6	143113913	143129698
Segment	234	6	143113913	144798653
Segment	235	6	143114679	143117104
Segment	236	6	143114679	143118674
Segment	237	6	143114679	143126239
Segment	238	6	143114679	143126908
Segment	239	6	143114679	143130279
Segment	240	6	143114679	143130995
Segment	241	6	143114679	144798101
Segment	242	6	143114982	143135691
Segment	243	6	143114982	144579318
Segment	244	6	143114982	144928292
Segment	245	6	143121987	143128391
Segment	246	6	143121987	143130838
Segment	247	6	143122979	143130995
Segment	248	6	143122979	143131891
Segment	249	6	143130607	143133332
Segment	250	6	143130607	143135657
Segment	251	6	143130607	143179723
Segment	252	6	143130607	143206527
Segment	253	6	143130607	144618862
Segment	254	6	143131854	143136258
Segment	255	6	143131854	143137767
Segment	256	6	143131854	143180754
Segment	257	6	143131854	143205784
Segment	258	6	143131854	144618271
Segment	259	6	143139938	143140092
Segment	260	6	143139938	143157912
Segment	261	6	143139938	143186914
Segment	262	6	143139938	143194818
Segment	263	6	143139938	143206527
Segment	264	6	143139938	144651991
Segment	265	6	143141488	143141839
Segment	266	6	143141488	143162079
Segment	267	6	143141488	143188445
Segment	268	6	143141488	143198248
Segment	269	6	143141488	143205784
Segment	270	6	143141488	144650858
Segment	271	6	143184856	143454281
Segment	272	6	143184856	143504716
Segment	273	6	143184856	143651494
Segment	274	6	143184856	143668852
Segment	275	6	143184856	143675259
Segment	276	6	143184856	146321590
Segment	277	6	143185711	143205784
Segment	278	6	143185711	143206527
Segment	279	6	143185711	144623928
Segment	280	6	143185711	144630334
Segment	281	6	143185960	143455205
Segment	282	6	143185960	143506287
Segment	283	6	143185960	143652364
Segment	284	6	143185960	143671277
Segment	285	6	143185960	143679190
Segment	286	6	143185960	146324421
Segment	287	6	143187182	143198248
Segment	288	6	143191910	143194818
Segment	289	6	143193315	143198248
Segment	290	6	143194357	143194818
Segment	291	6	143197252	143207727
Segment	292	6	143197252	143668852
Segment	293	6	143197349	143205784
Segment	294	6	143200127	143206527
Segment	295	6	143201045	143206527
Segment	296	6	143202296	143208599
Segment	297	6	143202296	143671277
Segment	298	6	143202368	143205784
Segment	299	6	143204924	143206527
Segment	300	6	143205707	143205784
Segment	301	6	143206964	143207727
Segment	302	6	143206964	143300034
Segment	303	6	143208329	143208599
Segment	304	6	143208329	143302341
Segment	305	6	143210671	143228198
Segment	306	6	143210671	143252550
Segment	307	6	143210671	143276316
Segment	308	6	143210671	143279058
Segment	309	6	143210671	143335359
Segment	310	6	143210671	143342960
Segment	311	6	143210671	143455205
Segment	312	6	143210671	143480704
Segment	313	6	143210671	143492239
Segment	314	6	143210671	143506287
Segment	315	6	143210671	143652364
Segment	316	6	143210671	143668852
Segment	317	6	143210671	143679190
Segment	318	6	143211855	143229397
Segment	319	6	143211855	143252711
Segment	320	6	143211855	143278189
Segment	321	6	143211855	143279058
Segment	322	6	143211855	143336039
Segment	323	6	143211855	143344040
Segment	324	6	143211855	143378313
Segment	325	6	143211855	143491608
Segment	326	6	143211855	143504716
Segment	327	6	143211855	143651494
Segment	328	6	143211855	143671277
Segment	329	6	143211855	143675259
Segment	330	6	143221398	143232296
Segment	331	6	143221398	143331557
Segment	332	6	143221398	143339587
Segment	333	6	143221398	143455205
Segment	334	6	143221398	143480704
Segment	335	6	143221398	143492239
Segment	336	6	143221398	143506287
Segment	337	6	143221398	143652364
Segment	338	6	143221398	143668852
Segment	339	6	143221398	143679190
Segment	340	6	143221982	143233387
Segment	341	6	143221982	143332744
Segment	342	6	143221982	143340534
Segment	343	6	143221982	143378313
Segment	344	6	143221982	143491608
Segment	345	6	143221982	143504716
Segment	346	6	143221982	143651494
Segment	347	6	143221982	143671277
Segment	348	6	143221982	143675259
Segment	349	6	143283281	143306915
Segment	350	6	143283281	143325468
Segment	351	6	143283281	143326497
Segment	352	6	143283281	143331557
Segment	353	6	143283281	143343829
Segment	354	6	143283281	143480704
Segment	355	6	143284708	143308267
Segment	356	6	143284708	143325468
Segment	357	6	143284708	143326497
Segment	358	6	143284708	143332744
Segment	359	6	143284708	143345516
Segment	360	6	143284708	143479627
Segment	361	6	143298562	143339587
Segment	362	6	143299920	143344040
Segment	363	6	143301055	143342960
Segment	364	6	143302266	143340534
Segment	365	6	143303374	143308267
Segment	366	6	143305268	143306915
Segment	367	6	143307056	143326497
Segment	368	6	143308261	143325468
Segment	369	6	143318080	143332744
Segment	370	6	143321774	143331557
Segment	371	6	143334292	143335359
Segment	372	6	143335798	143336039
Segment	373	6	143341555	143344040
Segment	374	6	143342937	143342960
Segment	375	6	143343251	143343829
Segment	376	6	143344140	143345516
Segment	377	6	143344308	143364921
Segment	378	6	143344308	143652364
Segment	379	6	143345768	143480704
Segment	380	6	143345768	143671277
Segment	381	6	143347992	143652364
Segment	382	6	143348048	143479627
Segment	383	6	143348048	143668852
Segment	384	6	143348945	143651494
Segment	385	6	143349462	143361597
Segment	386	6	143349462	143651494
Segment	387	6	143358600	143362485
Segment	388	6	143358600	143378313
Segment	389	6	143358600	143668852
Segment	390	6	143358600	143671277
Segment	391	6	143359766	143364765
Segment	392	6	143359766	143455205
Segment	393	6	143363405	143365602
Segment	394	6	143363405	143454281
Segment	395	6	143364539	143366621
Segment	396	6	143364539	143455205
Segment	397	6	143365869	143378313
Segment	398	6	143365921	143367561
Segment	399	6	143365921	143378313
Segment	400	6	143367010	143480704
Segment	401	6	143378814	143454281
Segment	402	6	143378814	143479627
Segment	403	6	143378814	143491608
Segment	404	6	143378814	143504716
Segment	405	6	143378814	143700000
Segment	406	6	143378814	146361294
Segment	407	6	143427178	143668852
Segment	408	6	143427749	143671277
Segment	409	6	143483206	143668852
Segment	410	6	143485323	143671277
Segment	411	6	143617678	143679190
Segment	412	6	143617854	143675259
Segment	413	6	143646348	143668852
Segment	414	6	143647856	143671277
Segment	415	6	143651434	143671277
Segment	416	6	143651812	143668852
Segment	417	6	143667586	143679190
Segment	418	6	143668972	143679190
Segment	419	6	143671359	143675259
Segment	420	6	143672218	143675259
Segment	421	6	143674695	143685193
Segment	422	6	143674695	143705716
Segment	423	6	143674695	143714147
Segment	424	6	143674695	143760712
Segment	425	6	143674695	143762216
Segment	426	6	143674695	143766763
Segment	427	6	143674695	143811827
Segment	428	6	143674695	143813325
Segment	429	6	143674695	143813701
Segment	430	6	143674695	143818389
Segment	431	6	143674695	143824560
Segment	432	6	143674695	143876652
Segment	433	6	143674695	144618862
Segment	434	6	143674695	145847166
Segment	435	6	143674695	146360845
Segment	436	6	143679805	143685984
Segment	437	6	143679805	143706350
Segment	438	6	143679805	143717243
Segment	439	6	143679805	143760712
Segment	440	6	143679805	143762539
Segment	441	6	143679805	143768200
Segment	442	6	143679805	143812843
Segment	443	6	143679805	143814600
Segment	444	6	143679805	143817107
Segment	445	6	143679805	143820616
Segment	446	6	143679805	143825330
Segment	447	6	143679805	143878433
Segment	448	6	143679805	144618271
Segment	449	6	143679805	145854423
Segment	450	6	143679805	146358972
Segment	451	6	143684000	143807393
Segment	452	6	143684000	143872357
Segment	453	6	143684000	143911362
Segment	454	6	143684000	145871855
Segment	455	6	143684000	146358871
Segment	456	6	143687895	143690952
Segment	457	6	143687895	143807417
Segment	458	6	143687895	144578618
Segment	459	6	143687895	145875051
Segment	460	6	143689400	143692745
Segment	461	6	143689400	143809454
Segment	462	6	143689400	144582980
Segment	463	6	143689400	145876450
Segment	464	6	143689560	143807987
Segment	465	6	143689560	143873570
Segment	466	6	143689560	143912211
Segment	467	6	143689560	145873073
Segment	468	6	143689560	146357333
Segment	469	6	143697184	143890365
Segment	470	6	143697184	144618862
Segment	471	6	143698665	143892135
Segment	472	6	143698665	144618271
Segment	473	6	143698799	143760712
Segment	474	6	143698799	143779961
Segment	475	6	143699524	143760712
Segment	476	6	143699524	143784867
Segment	477	6	143720520	143796592
Segment	478	6	143721347	143798594
Segment	479	6	143734744	143784867
Segment	480	6	143735239	143779961
Segment	481	6	143778062	143796592
Segment	482	6	143778062	143814600
Segment	483	6	143780320	143798594
Segment	484	6	143780320	143813701
Segment	485	6	143782272	143807987
Segment	486	6	143782272	143820009
Segment	487	6	143783932	143807393
Segment	488	6	143783932	143823430
Segment	489	6	143786640	143805851
Segment	490	6	143786640	143814600
Segment	491	6	143787552	143807204
Segment	492	6	143787552	143813701
Segment	493	6	143788143	143798594
Segment	494	6	143790107	143796592
Segment	495	6	143814573	143820616
Segment	496	6	143814573	143821851
Segment	497	6	143815386	143818389
Segment	498	6	143815386	143822601
Segment	499	6	143821666	143847788
Segment	500	6	143821666	143870049
Segment	501	6	143821666	143912211
Segment	502	6	143827631	143847132
Segment	503	6	143827631	143869557
Segment	504	6	143827631	143911362
Segment	505	6	143843044	143890365
Segment	506	6	143844081	143892135
Segment	507	6	143844993	143869557
Segment	508	6	143844993	143878433
Segment	509	6	143846419	143870049
Segment	510	6	143846419	143876652
Segment	511	6	143848071	143870049
Segment	512	6	143848606	143869557
Segment	513	6	143865926	143873570
Segment	514	6	143866988	143872357
Segment	515	6	143876081	143992411
Segment	516	6	143877112	143993354
Segment	517	6	143888826	143892135
Segment	518	6	143889716	143890365
Segment	519	6	143893369	143912211
Segment	520	6	143899782	143911362
Segment	521	6	143912445	143992411
Segment	522	6	143912445	144442520
Segment	523	6	143912445	144760964
Segment	524	6	143912445	144921420
Segment	525	6	143912445	144928292
Segment	526	6	143912609	143993354
Segment	527	6	143912609	144443374
Segment	528	6	143912609	144772188
Segment	529	6	143912609	144922316
Segment	530	6	143912609	144927185
Segment	531	6	143968317	144443374
Segment	532	6	143968942	144407298
Segment	533	6	143968942	144443374
Segment	534	6	143969716	144443374
Segment	535	6	143969846	144405128
Segment	536	6	143969846	144442520
Segment	537	6	143970954	144442520
Segment	538	6	143971806	144442520
Segment	539	6	143971903	144443374
Segment	540	6	143974503	144442520
Segment	541	6	143979994	144443374
Segment	542	6	143981934	144443374
Segment	543	6	143984582	144442520
Segment	544	6	143985035	144442520
Segment	545	6	143992442	144005556
Segment	546	6	143992442	144177408
Segment	547	6	143992442	144214241
Segment	548	6	143992442	144217379
Segment	549	6	143992442	144294770
Segment	550	6	143992442	144443374
Segment	551	6	143992643	144008799
Segment	552	6	143992643	144183239
Segment	553	6	143992643	144217049
Segment	554	6	143992643	144218713
Segment	555	6	143992643	144295413
Segment	556	6	143992643	144442520
Segment	557	6	144006112	144273000
Segment	558	6	144006112	144273509
Segment	559	6	144006112	144442520
Segment	560	6	144006112	144443374
Segment	561	6	144007003	144222870
Segment	562	6	144007877	144221349
Segment	563	6	144011307	144014694
Segment	564	6	144011307	144073852
Segment	565	6	144011307	144218713
Segment	566	6	144011307	144221349
Segment	567	6	144015066	144015300
Segment	568	6	144015066	144074554
Segment	569	6	144015066	144217379
Segment	570	6	144015066	144222870
Segment	571	6	144018032	144073852
Segment	572	6	144019849	144074554
Segment	573	6	144036614	144222870
Segment	574	6	144036720	144221349
Segment	575	6	144049637	144222870
Segment	576	6	144051159	144221349
Segment	577	6	144055296	144218713
Segment	578	6	144056770	144217379
Segment	579	6	144074538	144106266
Segment	580	6	144074538	144217049
Segment	581	6	144074538	144296849
Segment	582	6	144076212	144106878
Segment	583	6	144076212	144214241
Segment	584	6	144076212	144297352
Segment	585	6	144101344	144218713
Segment	586	6	144102036	144217379
Segment	587	6	144104350	144183239
Segment	588	6	144108759	144183239
Segment	589	6	144109890	144177408
Segment	590	6	144112297	144177408
Segment	591	6	144115908	144209602
Segment	592	6	144115908	144217049
Segment	593	6	144118327	144211545
Segment	594	6	144118327	144214241
Segment	595	6	144193820	144217049
Segment	596	6	144195994	144214241
Segment	597	6	144199941	144217049
Segment	598	6	144200315	144214241
Segment	599	6	144203801	144217049
Segment	600	6	144205305	144214241
Segment	601	6	144208679	144209602
Segment	602	6	144210544	144211545
Segment	603	6	144225652	144273000
Segment	604	6	144227752	144295413
Segment	605	6	144229362	144294770
Segment	606	6	144281878	144296849
Segment	607	6	144283445	144297352
Segment	608	6	144294302	144294770
Segment	609	6	144294875	144295413
Segment	610	6	144298775	144302690
Segment	611	6	144298775	144432756
Segment	612	6	144300566	144302303
Segment	613	6	144300566	144306274
Segment	614	6	144300566	144317236
Segment	615	6	144300566	144332277
Segment	616	6	144300566	144375821
Segment	617	6	144300566	144443374
Segment	618	6	144303448	144305092
Segment	619	6	144303448	144306129
Segment	620	6	144303448	144318222
Segment	621	6	144303448	144333713
Segment	622	6	144303448	144377483
Segment	623	6	144303448	144442520
Segment	624	6	144304243	144304669
Segment	625	6	144304243	144431976
Segment	626	6	144335258	144432756
Segment	627	6	144336047	144431976
Segment	628	6	144340240	144378159
Segment	629	6	144340240	144432756
Segment	630	6	144340240	144443374
Segment	631	6	144341326	144379725
Segment	632	6	144341326	144431976
Segment	633	6	144341326	144442520
Segment	634	6	144353082	144432756
Segment	635	6	144353082	144443374
Segment	636	6	144354946	144431976
Segment	637	6	144354946	144442520
Segment	638	6	144362024	144407298
Segment	639	6	144363222	144405128
Segment	640	6	144368998	144432756
Segment	641	6	144371132	144431976
Segment	642	6	144396915	144405128
Segment	643	6	144396915	144407298
Segment	644	6	144425062	144443374
Segment	645	6	144426143	144442520
Segment	646	6	144430322	144443374
Segment	647	6	144430561	144442520
Segment	648	6	144433904	144453739
Segment	649	6	144435739	144452184
Segment	650	6	144443600	144452184
Segment	651	6	144443600	144488249
Segment	652	6	144443600	144772188
Segment	653	6	144444901	144453739
Segment	654	6	144444901	144488249
Segment	655	6	144444901	144760964
Segment	656	6	144449956	144772188
Segment	657	6	144450007	144760964
Segment	658	6	144455663	144456642
Segment	659	6	144455663	144496286
Segment	660	6	144455663	144500111
Segment	661	6	144455663	144772188
Segment	662	6	144457066	144457516
Segment	663	6	144457066	144496689
Segment	664	6	144457066	144500111
Segment	665	6	144457066	144760964
Segment	666	6	144495523	144772188
Segment	667	6	144496545	144760964
Segment	668	6	144501240	144515272
Segment	669	6	144501240	144517634
Segment	670	6	144501240	144651991
Segment	671	6	144503083	144516783
Segment	672	6	144503083	144518684
Segment	673	6	144503083	144650858
Segment	674	6	144509929	144573137
Segment	675	6	144509929	144651991
Segment	676	6	144513285	144574375
Segment	677	6	144513285	144650858
Segment	678	6	144522917	144651991
Segment	679	6	144524391	144650858
Segment	680	6	144545665	144578618
Segment	681	6	144546448	144582980
Segment	682	6	144546611	144618862
Segment	683	6	144549072	144618271
Segment	684	6	144552194	144580282
Segment	685	6	144553269	144579318
Segment	686	6	144558088	144618862
Segment	687	6	144559209	144618271
Segment	688	6	144612231	144651991
Segment	689	6	144613010	144650858
Segment	690	6	144652762	144798101
Segment	691	6	144653291	144798653
Segment	692	6	144681248	144772188
Segment	693	6	144682353	144760964
Segment	694	6	144700949	144772188
Segment	695	6	144703038	144760964
Segment	696	6	144711584	144772188
Segment	697	6	144714747	144760964
Segment	698	6	144717407	144772188
Segment	699	6	144720319	144760964
Segment	700	6	144747716	144772188
Segment	701	6	144748673	144760964
Segment	702	6	144768136	144798101
Segment	703	6	144768136	144896033
Segment	704	6	144768833	144902468
Segment	705	6	144769460	144798653
Segment	706	6	144769460	144895466
Segment	707	6	144769507	144798653
Segment	708	6	144771619	144901014
Segment	709	6	144772500	144798101
Segment	710	6	144773656	144798653
Segment	711	6	144774819	144798101
Segment	712	6	144793915	144798653
Segment	713	6	144794392	144798101
Segment	714	6	144798206	144798653
Segment	715	6	144798206	144804415
Segment	716	6	144798206	144858449
Segment	717	6	144798206	144862433
Segment	718	6	144798206	144863460
Segment	719	6	144798206	144867769
Segment	720	6	144798206	144887294
Segment	721	6	144798206	144896033
Segment	722	6	144798206	144918835
Segment	723	6	144798206	144929681
Segment	724	6	144798723	144805295
Segment	725	6	144798723	144858902
Segment	726	6	144798723	144863421
Segment	727	6	144798723	144864762
Segment	728	6	144798723	144868579
Segment	729	6	144798723	144889350
Segment	730	6	144798723	144895466
Segment	731	6	144798723	144920266
Segment	732	6	144798723	144930416
Segment	733	6	144798723	145169813
Segment	734	6	144851126	144903967
Segment	735	6	144851936	144903348
Segment	736	6	144853582	144889350
Segment	737	6	144854455	144887294
Segment	738	6	144873638	144896033
Segment	739	6	144875130	144895466
Segment	740	6	144883695	144896033
Segment	741	6	144886001	144895466
Segment	742	6	144891005	144927185
Segment	743	6	144892965	144928292
Segment	744	6	144918780	144918835
Segment	745	6	144919345	144920266
Segment	746	6	144925656	144928292
Segment	747	6	144926573	144927185
Segment	748	6	144928209	144929681
Segment	749	6	144928209	144930416
Segment	750	6	144928209	145002255
Segment	751	6	144928209	145017502
Segment	752	6	144928209	145019456
Segment	753	6	144928209	145296022
Segment	754	6	144928209	145300499
Segment	755	6	144928209	145423971
Segment	756	6	144928209	145435632
Segment	757	6	144928209	145443491
Segment	758	6	144928209	145505067
Segment	759	6	144930602	144934905
Segment	760	6	144930602	144935629
Segment	761	6	144930602	145003761
Segment	762	6	144930602	145017502
Segment	763	6	144930602	145019456
Segment	764	6	144930602	145284218
Segment	765	6	144930602	145302002
Segment	766	6	144930602	145425594
Segment	767	6	144930602	145440083
Segment	768	6	144930602	145442252
Segment	769	6	144930602	145503845
Segment	770	6	144943116	144945310
Segment	771	6	144943116	145017502
Segment	772	6	144943116	145018344
Segment	773	6	144943116	145242130
Segment	774	6	144943116	145287506
Segment	775	6	144943116	145300499
Segment	776	6	144945504	144947688
Segment	777	6	144945504	145018344
Segment	778	6	144945504	145019456
Segment	779	6	144945504	145245528
Segment	780	6	144945504	145289271
Segment	781	6	144945504	145302002
Segment	782	6	144957938	145440083
Segment	783	6	144960346	145018344
Segment	784	6	144961161	145018344
Segment	785	6	144961243	145443491
Segment	786	6	145002052	145017502
Segment	787	6	145002135	145018344
Segment	788	6	145003322	145019456
Segment	789	6	145005610	145018344
Segment	790	6	145005729	145018344
Segment	791	6	145006966	145018344
Segment	792	6	145007315	145017502
Segment	793	6	145007722	145019456
Segment	794	6	145011114	145018344
Segment	795	6	145011859	145018344
Segment	796	6	145018455	145022722
Segment	797	6	145018455	145031909
Segment	798	6	145018455	145076076
Segment	799	6	145018455	145287506
Segment	800	6	145018880	145024737
Segment	801	6	145018880	145032757
Segment	802	6	145018880	145077014
Segment	803	6	145018880	145289271
Segment	804	6	145021490	145024879
Segment	805	6	145021490	145047528
Segment	806	6	145021490	145064298
Segment	807	6	145021490	145440083
Segment	808	6	145024016	145025494
Segment	809	6	145024016	145050268
Segment	810	6	145024016	145066672
Segment	811	6	145024016	145443491
Segment	812	6	145029416	145077426
Segment	813	6	145029416	145287506
Segment	814	6	145031031	145078100
Segment	815	6	145031031	145289271
Segment	816	6	145032207	145050268
Segment	817	6	145033848	145047528
Segment	818	6	145048906	145065115
Segment	819	6	145048906	145077014
Segment	820	6	145049828	145067749
Segment	821	6	145049828	145076076
Segment	822	6	145051669	145066672
Segment	823	6	145052876	145064298
Segment	824	6	145071366	145073339
Segment	825	6	145071366	145077014
Segment	826	6	145072341	145075113
Segment	827	6	145072341	145076076
Segment	828	6	145075668	145190440
Segment	829	6	145075668	145197647
Segment	830	6	145075668	145215390
Segment	831	6	145075668	145217063
Segment	832	6	145075668	145440083
Segment	833	6	145078490	145193026
Segment	834	6	145078490	145198537
Segment	835	6	145078490	145215957
Segment	836	6	145078490	145217620
Segment	837	6	145078490	145443491
Segment	838	6	145079023	145185625
Segment	839	6	145079023	145190735
Segment	840	6	145079023	145212074
Segment	841	6	145079023	145440083
Segment	842	6	145079706	145169760
Segment	843	6	145079706	145204136
Segment	844	6	145079706	145440083
Segment	845	6	145079978	145171184
Segment	846	6	145079978	145205528
Segment	847	6	145079978	145443491
Segment	848	6	145080797	145186897
Segment	849	6	145080797	145191593
Segment	850	6	145080797	145212948
Segment	851	6	145080797	145443491
Segment	852	6	145083838	145085275
Segment	853	6	145083838	145130029
Segment	854	6	145083838	145169760
Segment	855	6	145085395	145087060
Segment	856	6	145085395	145130640
Segment	857	6	145085395	145171184
Segment	858	6	145090883	145128864
Segment	859	6	145090883	145169760
Segment	860	6	145092169	145131930
Segment	861	6	145092169	145171184
Segment	862	6	145097686	145169760
Segment	863	6	145098892	145171184
Segment	864	6	145111551	145169760
Segment	865	6	145113671	145171184
Segment	866	6	145123762	145171184
Segment	867	6	145125546	145169760
Segment	868	6	145154572	145169760
Segment	869	6	145156052	145171184
Segment	870	6	145165878	145171184
Segment	871	6	145166325	145169760
Segment	872	6	145170059	145184015
Segment	873	6	145170059	145185625
Segment	874	6	145171573	145186565
Segment	875	6	145171573	145186897
Segment	876	6	145177098	145215390
Segment	877	6	145177098	145215957
Segment	878	6	145187900	145230622
Segment	879	6	145188225	145229106
Segment	880	6	145223430	145242130
Segment	881	6	145223430	145244080
Segment	882	6	145223430	145296022
Segment	883	6	145223922	145230622
Segment	884	6	145223922	145242130
Segment	885	6	145223922	145287506
Segment	886	6	145225052	145229106
Segment	887	6	145225052	145245528
Segment	888	6	145225052	145289271
Segment	889	6	145226931	145239867
Segment	890	6	145226931	145242764
Segment	891	6	145226931	145296022
Segment	892	6	145229532	145240959
Segment	893	6	145229532	145244080
Segment	894	6	145229532	145284218
Segment	895	6	145230566	145242764
Segment	896	6	145230566	145245528
Segment	897	6	145230566	145284218
Segment	898	6	145231549	145242130
Segment	899	6	145233430	145242130
Segment	900	6	145233430	145245528
Segment	901	6	145234776	145245528
Segment	902	6	145234929	145244080
Segment	903	6	145234929	145249621
Segment	904	6	145237401	145242764
Segment	905	6	145237401	145251829
Segment	906	6	145240773	145256098
Segment	907	6	145241883	145251829
Segment	908	6	145245578	145249621
Segment	909	6	145245861	145258988
Segment	910	6	145249349	145249621
Segment	911	6	145249804	145251829
Segment	912	6	145253008	145256958
Segment	913	6	145253008	145296022
Segment	914	6	145253114	145256098
Segment	915	6	145253114	145261732
Segment	916	6	145253114	145262974
Segment	917	6	145253114	145296022
Segment	918	6	145254106	145258988
Segment	919	6	145254106	145262874
Segment	920	6	145254106	145263856
Segment	921	6	145254106	145284218
Segment	922	6	145255498	145257975
Segment	923	6	145255498	145284218
Segment	924	6	145256116	145262874
Segment	925	6	145256116	145283165
Segment	926	6	145259813	145261732
Segment	927	6	145259813	145283202
Segment	928	6	145270862	145296022
Segment	929	6	145273660	145284218
Segment	930	6	145276956	145296022
Segment	931	6	145278643	145284218
Segment	932	6	145278829	145296022
Segment	933	6	145279719	145296022
Segment	934	6	145279782	145296022
Segment	935	6	145280815	145284218
Segment	936	6	145282258	145284218
Segment	937	6	145282451	145284218
Segment	938	6	145282591	145302002
Segment	939	6	145285716	145300499
Segment	940	6	145297385	145302002
Segment	941	6	145297385	145310192
Segment	942	6	145299227	145300499
Segment	943	6	145299227	145306698
Segment	944	6	145300277	145307233
Segment	945	6	145300277	145435632
Segment	946	6	145300277	145440083
Segment	947	6	145302236	145309153
Segment	948	6	145302236	145442252
Segment	949	6	145302236	145443491
Segment	950	6	145304709	145435632
Segment	951	6	145304709	145440083
Segment	952	6	145305577	145442252
Segment	953	6	145305577	145443491
Segment	954	6	145306841	145321767
Segment	955	6	145306841	145346738
Segment	956	6	145306841	145347584
Segment	957	6	145306841	145349333
Segment	958	6	145306841	145382646
Segment	959	6	145306841	145435632
Segment	960	6	145306841	145437794
Segment	961	6	145311026	145322419
Segment	962	6	145311026	145347607
Segment	963	6	145311026	145349608
Segment	964	6	145311026	145349773
Segment	965	6	145311026	145383781
Segment	966	6	145311026	145435323
Segment	967	6	145311026	145442252
Segment	968	6	145319502	145435632
Segment	969	6	145319502	145440083
Segment	970	6	145320734	145442252
Segment	971	6	145320734	145443491
Segment	972	6	145324262	145333331
Segment	973	6	145324262	145440083
Segment	974	6	145325579	145327179
Segment	975	6	145325579	145329980
Segment	976	6	145325579	145343888
Segment	977	6	145325579	145440083
Segment	978	6	145327199	145328611
Segment	979	6	145327199	145330377
Segment	980	6	145327199	145345407
Segment	981	6	145327199	145443491
Segment	982	6	145327537	145334582
Segment	983	6	145327537	145443491
Segment	984	6	145337773	145384917
Segment	985	6	145337773	145440083
Segment	986	6	145340133	145386039
Segment	987	6	145340133	145443491
Segment	988	6	145342129	145383781
Segment	989	6	145345191	145382646
Segment	990	6	145358336	145382646
Segment	991	6	145358336	145383781
Segment	992	6	145381930	145386039
Segment	993	6	145384428	145384917
Segment	994	6	145388186	145389461
Segment	995	6	145388186	145420572
Segment	996	6	145388186	145437794
Segment	997	6	145389584	145392694
Segment	998	6	145389584	145421534
Segment	999	6	145389584	145435323
Segment	1000	6	145398770	145437794
Segment	1001	6	145399410	145435323
Segment	1002	6	145401037	145437794
Segment	1003	6	145401608	145435323
Segment	1004	6	145403430	145425594
Segment	1005	6	145404391	145423971
Segment	1006	6	145411827	145425594
Segment	1007	6	145414510	145423971
Segment	1008	6	145416639	145425594
Segment	1009	6	145417281	145425594
Segment	1010	6	145417301	145423971
Segment	1011	6	145418540	145423971
Segment	1012	6	145433301	145437794
Segment	1013	6	145434103	145435323
Segment	1014	6	145434938	145435323
Segment	1015	6	145436539	145437794
Segment	1016	6	145439671	145440083
Segment	1017	6	145439671	145454330
Segment	1018	6	145440876	145443491
Segment	1019	6	145440876	145454875
Segment	1020	6	145443272	145456865
Segment	1021	6	145443272	145458812
Segment	1022	6	145443272	145464204
Segment	1023	6	145443272	145465887
Segment	1024	6	145443272	145478267
Segment	1025	6	145443272	145846884
Segment	1026	6	145444934	145456865
Segment	1027	6	145444934	145458614
Segment	1028	6	145445000	145458614
Segment	1029	6	145445000	145459494
Segment	1030	6	145445000	145465715
Segment	1031	6	145445000	145467766
Segment	1032	6	145445000	145474638
Segment	1033	6	145445000	145851879
Segment	1034	6	145455329	145478267
Segment	1035	6	145457167	145474638
Segment	1036	6	145474733	145505067
Segment	1037	6	145474733	145521286
Segment	1038	6	145474733	145523597
Segment	1039	6	145475625	145503845
Segment	1040	6	145475625	145522414
Segment	1041	6	145475625	145524218
Segment	1042	6	145475997	145488974
Segment	1043	6	145475997	145505067
Segment	1044	6	145475997	145536485
Segment	1045	6	145475997	145541069
Segment	1046	6	145477817	145489865
Segment	1047	6	145477817	145503845
Segment	1048	6	145477817	145537067
Segment	1049	6	145477817	145537914
Segment	1050	6	145509522	145516273
Segment	1051	6	145509522	145518902
Segment	1052	6	145509522	145522414
Segment	1053	6	145509522	145533343
Segment	1054	6	145512849	145517891
Segment	1055	6	145512849	145519250
Segment	1056	6	145512849	145521286
Segment	1057	6	145512849	145534030
Segment	1058	6	145536309	145543368
Segment	1059	6	145536309	145546073
Segment	1060	6	145536309	145589206
Segment	1061	6	145536309	145597968
Segment	1062	6	145536309	145630278
Segment	1063	6	145536309	145641918
Segment	1064	6	145536309	145648799
Segment	1065	6	145536309	145720580
Segment	1066	6	145536309	145753267
Segment	1067	6	145536309	145757411
Segment	1068	6	145537137	145541690
Segment	1069	6	145537137	145546073
Segment	1070	6	145537137	145592056
Segment	1071	6	145537137	145599331
Segment	1072	6	145537137	145630795
Segment	1073	6	145537137	145643462
Segment	1074	6	145537137	145650102
Segment	1075	6	145537137	145705370
Segment	1076	6	145537137	145723330
Segment	1077	6	145537137	145752341
Segment	1078	6	145537137	145756334
Segment	1079	6	145540747	145551344
Segment	1080	6	145540747	145630795
Segment	1081	6	145540747	145648799
Segment	1082	6	145540747	145705370
Segment	1083	6	145541726	145551959
Segment	1084	6	145541726	145630278
Segment	1085	6	145541726	145650102
Segment	1086	6	145541726	145705370
Segment	1087	6	145549310	145574259
Segment	1088	6	145549310	145602952
Segment	1089	6	145549310	145639485
Segment	1090	6	145549310	145753267
Segment	1091	6	145550676	145574259
Segment	1092	6	145550676	145604658
Segment	1093	6	145550676	145635963
Segment	1094	6	145550676	145705370
Segment	1095	6	145552751	145595297
Segment	1096	6	145552751	145616282
Segment	1097	6	145552751	145753267
Segment	1098	6	145554128	145595804
Segment	1099	6	145554128	145618675
Segment	1100	6	145554128	145705370
Segment	1101	6	145556845	145635963
Segment	1102	6	145556845	145639485
Segment	1103	6	145556845	145648511
Segment	1104	6	145556845	145651619
Segment	1105	6	145556845	145756334
Segment	1106	6	145556845	145757411
Segment	1107	6	145558176	145574259
Segment	1108	6	145559168	145574259
Segment	1109	6	145573694	145581545
Segment	1110	6	145573694	145586837
Segment	1111	6	145573694	145592056
Segment	1112	6	145574274	145582029
Segment	1113	6	145574274	145588461
Segment	1114	6	145574274	145589206
Segment	1115	6	145579218	145604658
Segment	1116	6	145586654	145639485
Segment	1117	6	145586667	145602952
Segment	1118	6	145588794	145635963
Segment	1119	6	145605089	145618675
Segment	1120	6	145606534	145616282
Segment	1121	6	145637095	145643462
Segment	1122	6	145637947	145641918
Segment	1123	6	145638981	145682059
Segment	1124	6	145642628	145679337
Segment	1125	6	145643555	145688353
Segment	1126	6	145643555	145691559
Segment	1127	6	145644693	145689842
Segment	1128	6	145644693	145689859
Segment	1129	6	145654344	145663006
Segment	1130	6	145654344	145679337
Segment	1131	6	145654344	145684805
Segment	1132	6	145654344	145691559
Segment	1133	6	145654344	145753267
Segment	1134	6	145655673	145664353
Segment	1135	6	145655673	145682059
Segment	1136	6	145655673	145686652
Segment	1137	6	145655673	145689859
Segment	1138	6	145655673	145705370
Segment	1139	6	145668156	145691559
Segment	1140	6	145669115	145689859
Segment	1141	6	145687699	145691559
Segment	1142	6	145687726	145689859
Segment	1143	6	145688431	145705370
Segment	1144	6	145690071	145718565
Segment	1145	6	145692106	145716693
Segment	1146	6	145692106	145720580
Segment	1147	6	145692106	145723219
Segment	1148	6	145692106	145757411
Segment	1149	6	145693176	145705370
Segment	1150	6	145696402	145729262
Segment	1151	6	145696402	145757411
Segment	1152	6	145697416	145705370
Segment	1153	6	145706520	145716693
Segment	1154	6	145706520	145718565
Segment	1155	6	145706520	145722063
Segment	1156	6	145706520	145723330
Segment	1157	6	145706520	145728572
Segment	1158	6	145706520	145752341
Segment	1159	6	145706520	145756334
Segment	1160	6	145706520	145855163
Segment	1161	6	145706520	145856141
Segment	1162	6	145708919	145729262
Segment	1163	6	145708919	145757411
Segment	1164	6	145709070	145728572
Segment	1165	6	145709070	145756334
Segment	1166	6	145710106	145757411
Segment	1167	6	145710140	145757411
Segment	1168	6	145711098	145756334
Segment	1169	6	145712197	145756334
Segment	1170	6	145715224	145720580
Segment	1171	6	145718325	145723330
Segment	1172	6	145719403	145723219
Segment	1173	6	145720580	145722063
Segment	1174	6	145723281	145727428
Segment	1175	6	145723281	145731617
Segment	1176	6	145723281	145732930
Segment	1177	6	145723281	145735651
Segment	1178	6	145723281	145757411
Segment	1179	6	145724717	145728518
Segment	1180	6	145724717	145732217
Segment	1181	6	145724717	145734119
Segment	1182	6	145724717	145735812
Segment	1183	6	145724717	145756334
Segment	1184	6	145734363	145737898
Segment	1185	6	145734363	145753267
Segment	1186	6	145735458	145757411
Segment	1187	6	145735475	145738539
Segment	1188	6	145735475	145752341
Segment	1189	6	145735849	145753267
Segment	1190	6	145736471	145752341
Segment	1191	6	145737729	145756334
Segment	1192	6	145738542	145757411
Segment	1193	6	145741715	145756334
Segment	1194	6	145751469	145757411
Segment	1195	6	145751710	145757411
Segment	1196	6	145754131	145756334
Segment	1197	6	145755212	145756334
Segment	1198	6	145756442	145758616
Segment	1199	6	145756442	145760353
Segment	1200	6	145756442	145790347
Segment	1201	6	145756442	145790419
Segment	1202	6	145756442	145867358
Segment	1203	6	145756442	146190595
Segment	1204	6	145757430	145760034
Segment	1205	6	145757430	145762579
Segment	1206	6	145757430	145786047
Segment	1207	6	145757430	145791141
Segment	1208	6	145757430	145867667
Segment	1209	6	145757430	146194336
Segment	1210	6	145757960	145790419
Segment	1211	6	145758737	145786047
Segment	1212	6	145788831	145799671
Segment	1213	6	145788831	145855163
Segment	1214	6	145789758	145800227
Segment	1215	6	145789758	145856141
Segment	1216	6	145792116	145847166
Segment	1217	6	145793002	145854423
Segment	1218	6	145797785	145847166
Segment	1219	6	145798033	145798251
Segment	1220	6	145798033	145831460
Segment	1221	6	145798033	145846062
Segment	1222	6	145799161	145799671
Segment	1223	6	145799994	145800227
Segment	1224	6	145801205	145802674
Segment	1225	6	145801205	145830300
Segment	1226	6	145801205	145844814
Segment	1227	6	145804372	145808018
Segment	1228	6	145804372	145813604
Segment	1229	6	145804372	145846884
Segment	1230	6	145805867	145828569
Segment	1231	6	145805867	145846884
Segment	1232	6	145806090	145854423
Segment	1233	6	145806613	145806657
Segment	1234	6	145806613	145814293
Segment	1235	6	145806613	145851879
Segment	1236	6	145807920	145829738
Segment	1237	6	145807920	145851879
Segment	1238	6	145820239	145831460
Segment	1239	6	145821556	145830300
Segment	1240	6	145833927	145842724
Segment	1241	6	145835831	145846062
Segment	1242	6	145835831	145847992
Segment	1243	6	145837087	145844814
Segment	1244	6	145837087	145850237
Segment	1245	6	145839442	145841395
Segment	1246	6	145847950	145867358
Segment	1247	6	145849333	145867667
Segment	1248	6	145850510	145875051
Segment	1249	6	145851815	145876450
Segment	1250	6	145853301	145871855
Segment	1251	6	145854089	145873073
Segment	1252	6	145854196	145867667
Segment	1253	6	145855707	145867358
Segment	1254	6	145865704	145867667
Segment	1255	6	145866481	145867358
Segment	1256	6	145867435	145876450
Segment	1257	6	145869010	145875051
Segment	1258	6	145870592	145871855
Segment	1259	6	145872535	145873073
Segment	1260	6	145875548	145898667
Segment	1261	6	145875548	146190378
Segment	1262	6	145876301	145902357
Segment	1263	6	145876301	145915276
Segment	1264	6	145876301	145973714
Segment	1265	6	145876301	146006363
Segment	1266	6	145876301	146013326
Segment	1267	6	145876301	146022276
Segment	1268	6	145876301	146190378
Segment	1269	6	145876763	145895566
Segment	1270	6	145876763	146193632
Segment	1271	6	145877754	145902664
Segment	1272	6	145877754	145916603
Segment	1273	6	145877754	145974406
Segment	1274	6	145877754	146007039
Segment	1275	6	145877754	146014308
Segment	1276	6	145877754	146023238
Segment	1277	6	145877754	146193632
Segment	1278	6	145892067	145942985
Segment	1279	6	145892067	146020240
Segment	1280	6	145892067	146190595
Segment	1281	6	145898191	145944248
Segment	1282	6	145898191	146020830
Segment	1283	6	145898191	146194336
Segment	1284	6	145898513	145899595
Segment	1285	6	145898513	145916603
Segment	1286	6	145899202	145916603
Segment	1287	6	145899202	145959777
Segment	1288	6	145900797	145915276
Segment	1289	6	145900797	145964346
Segment	1290	6	145902243	145903729
Segment	1291	6	145902243	145915276
Segment	1292	6	145914861	145915276
Segment	1293	6	145916325	145916603
Segment	1294	6	145937964	146023238
Segment	1295	6	145940276	145944248
Segment	1296	6	145942903	145942985
Segment	1297	6	145944651	145963291
Segment	1298	6	145944651	146023238
Segment	1299	6	145945663	145963992
Segment	1300	6	145945663	146022276
Segment	1301	6	145946582	146022276
Segment	1302	6	145953375	145992051
Segment	1303	6	145954690	145991601
Segment	1304	6	145962342	146020830
Segment	1305	6	145963749	146020240
Segment	1306	6	145967973	146014308
Segment	1307	6	145967973	146068363
Segment	1308	6	145970057	146013326
Segment	1309	6	145970057	146069334
Segment	1310	6	146023700	146077077
Segment	1311	6	146023700	146085750
Segment	1312	6	146023700	146100996
Segment	1313	6	146023700	146103530
Segment	1314	6	146025532	146076085
Segment	1315	6	146025532	146086886
Segment	1316	6	146025532	146101920
Segment	1317	6	146025532	146104898
Segment	1318	6	146036657	146193445
Segment	1319	6	146036740	146191277
Segment	1320	6	146043171	146101920
Segment	1321	6	146043582	146100996
Segment	1322	6	146051093	146073277
Segment	1323	6	146051093	146101920
Segment	1324	6	146051857	146069712
Segment	1325	6	146051857	146100996
Segment	1326	6	146062555	146101920
Segment	1327	6	146064161	146100996
Segment	1328	6	146072580	146086886
Segment	1329	6	146073275	146085750
Segment	1330	6	146087163	146101920
Segment	1331	6	146087384	146100996
Segment	1332	6	146101256	146105197
Segment	1333	6	146101806	146106863
Segment	1334	6	146101873	146104898
Segment	1335	6	146103298	146103530
Segment	1336	6	146103382	146103530
Segment	1337	6	146103584	146106863
Segment	1338	6	146104311	146104898
Segment	1339	6	146105192	146105197
Segment	1340	6	146106509	146112740
Segment	1341	6	146106509	146190378
Segment	1342	6	146107639	146123557
Segment	1343	6	146107848	146113447
Segment	1344	6	146107848	146193632
Segment	1345	6	146109472	146122067
Segment	1346	6	146112250	146123557
Segment	1347	6	146112963	146122067
Segment	1348	6	146119035	146122067
Segment	1349	6	146119035	146193445
Segment	1350	6	146120672	146123557
Segment	1351	6	146120672	146191277
Segment	1352	6	146123745	146148375
Segment	1353	6	146123745	146193445
Segment	1354	6	146124323	146193445
Segment	1355	6	146125476	146191277
Segment	1356	6	146128539	146193445
Segment	1357	6	146129544	146191277
Segment	1358	6	146129634	146152836
Segment	1359	6	146129634	146191277
Segment	1360	6	146145902	146190330
Segment	1361	6	146146633	146189282
Segment	1362	6	146153640	146193445
Segment	1363	6	146154362	146191277
Segment	1364	6	146190791	146191277
Segment	1365	6	146190791	146210487
Segment	1366	6	146190791	146322327
Segment	1367	6	146191662	146193445
Segment	1368	6	146191662	146203717
Segment	1369	6	146191662	146210487
Segment	1370	6	146191662	146321590
Segment	1371	6	146192550	146197364
Segment	1372	6	146192550	146206524
Segment	1373	6	146192550	146209061
Segment	1374	6	146192550	146324421
Segment	1375	6	146193884	146196366
Segment	1376	6	146193884	146209061
Segment	1377	6	146193884	146323173
Segment	1378	6	146195824	146223645
Segment	1379	6	146195824	146321590
Segment	1380	6	146196680	146227559
Segment	1381	6	146196680	146324421
Segment	1382	6	146198523	146209061
Segment	1383	6	146198523	146229893
Segment	1384	6	146198523	146247895
Segment	1385	6	146198523	146361294
Segment	1386	6	146199702	146239073
Segment	1387	6	146199702	146244272
Segment	1388	6	146199702	146251134
Segment	1389	6	146199702	146361294
Segment	1390	6	146200175	146210487
Segment	1391	6	146200175	146231733
Segment	1392	6	146200175	146253000
Segment	1393	6	146200175	146362094
Segment	1394	6	146200551	146240092
Segment	1395	6	146200551	146245403
Segment	1396	6	146200551	146251493
Segment	1397	6	146200551	146362094
Segment	1398	6	146204853	146218306
Segment	1399	6	146204853	146322327
Segment	1400	6	146206881	146222830
Segment	1401	6	146206881	146323173
Segment	1402	6	146209842	146216686
Segment	1403	6	146211902	146216062
Segment	1404	6	146216311	146221086
Segment	1405	6	146216311	146223645
Segment	1406	6	146218126	146227442
Segment	1407	6	146218126	146227559
Segment	1408	6	146225591	146231733
Segment	1409	6	146227255	146229893
Segment	1410	6	146227284	146231733
Segment	1411	6	146228254	146229893
Segment	1412	6	146229965	146263114
Segment	1413	6	146230147	146252785
Segment	1414	6	146230757	146255821
Segment	1415	6	146232790	146263709
Segment	1416	6	146252594	146252785
Segment	1417	6	146252594	146269507
Segment	1418	6	146252594	146321590
Segment	1419	6	146255609	146255821
Segment	1420	6	146255609	146270454
Segment	1421	6	146255609	146324421
Segment	1422	6	146255828	146321512
Segment	1423	6	146255828	146321590
Segment	1424	6	146256415	146320303
Segment	1425	6	146256415	146324421
Segment	1426	6	146260630	146321590
Segment	1427	6	146262061	146321512
Segment	1428	6	146262559	146324421
Segment	1429	6	146262810	146320303
Segment	1430	6	146269305	146269507
Segment	1431	6	146269305	146358871
Segment	1432	6	146269653	146270454
Segment	1433	6	146269653	146357333
Segment	1434	6	146270904	146275252
Segment	1435	6	146270904	146318844
Segment	1436	6	146270904	146362094
Segment	1437	6	146271809	146276339
Segment	1438	6	146271809	146319838
Segment	1439	6	146271809	146361294
Segment	1440	6	146277015	146318844
Segment	1441	6	146279831	146319838
Segment	1442	6	146310820	146321512
Segment	1443	6	146314844	146320303
Segment	1444	6	146317305	146358871
Segment	1445	6	146318772	146321590
Segment	1446	6	146320839	146324421
Segment	1447	6	146321940	146322327
Segment	1448	6	146321940	146331087
Segment	1449	6	146322880	146323173
Segment	1450	6	146322880	146327231
Segment	1451	6	146324873	146357333
Segment	1452	6	146325156	146358871
Segment	1453	6	146325603	146357333
Segment	1454	6	146326604	146358507
Segment	1455	6	146327017	146364110
Segment	1456	6	146328466	146358507
Segment	1457	6	146329740	146364110
Segment	1458	6	146329851	146358871
Segment	1459	6	146330873	146357333
Segment	1460	6	146358552	146362094
Segment	1461	6	146359534	146361294
Segment	1462	6	146359784	146362094
Segment	1463	6	146360304	146361294
Segment	1464	6	146360556	146361294
Segment	1465	6	146360556	146362094
Segment	1466	6	146360556	146383231
Segment	1467	6	146361926	146362094
Segment	1468	6	146361926	146394196
Segment	1469	6	146361926	146479354
Segment	1470	6	146361926	146534673
Segment	1471	6	146361926	146540967
Segment	1472	6	146361926	146698745
Segment	1473	6	146362213	146362561
Segment	1474	6	146362213	146364149
Segment	1475	6	146362213	146381544
Segment	1476	6	146362213	146552688
Segment	1477	6	146363534	146396538
Segment	1478	6	146363534	146480224
Segment	1479	6	146363534	146536595
Segment	1480	6	146363534	146542388
Segment	1481	6	146363534	146553764
Segment	1482	6	146363534	146700409
Segment	1483	6	146363534	146704800
Segment	1484	6	146365662	146367889
Segment	1485	6	146365662	146469149
Segment	1486	6	146365662	146491691
Segment	1487	6	146365662	146494224
Segment	1488	6	146365662	146527970
Segment	1489	6	146365662	146550776
Segment	1490	6	146365662	146599160
Segment	1491	6	146365662	146705919
Segment	1492	6	146366732	146370591
Segment	1493	6	146366732	146470245
Segment	1494	6	146366732	146494517
Segment	1495	6	146366732	146495080
Segment	1496	6	146366732	146531644
Segment	1497	6	146366732	146551520
Segment	1498	6	146366732	146600392
Segment	1499	6	146366732	146704800
Segment	1500	6	146375439	146376750
Segment	1501	6	146375439	146377551
Segment	1502	6	146375439	146405676
Segment	1503	6	146375439	146406514
Segment	1504	6	146375439	146506162
Segment	1505	6	146375439	146507479
Segment	1506	6	146375439	146704800
Segment	1507	6	146375439	146705919
Segment	1508	6	146381785	146396538
Segment	1509	6	146382724	146394196
Segment	1510	6	146395194	146405452
Segment	1511	6	146395194	146406514
Segment	1512	6	146395194	146412509
Segment	1513	6	146396707	146405676
Segment	1514	6	146396707	146408161
Segment	1515	6	146396707	146413276
Segment	1516	6	146400025	146406514
Segment	1517	6	146400568	146405676
Segment	1518	6	146411131	146494224
Segment	1519	6	146411131	146551520
Segment	1520	6	146411833	146495080
Segment	1521	6	146411833	146550776
Segment	1522	6	146413811	146467275
Segment	1523	6	146413811	146480224
Segment	1524	6	146413811	146486752
Segment	1525	6	146413811	146487680
Segment	1526	6	146413811	146494224
Segment	1527	6	146413811	146494517
Segment	1528	6	146416093	146467637
Segment	1529	6	146416093	146479354
Segment	1530	6	146416093	146486752
Segment	1531	6	146416093	146487680
Segment	1532	6	146416093	146491691
Segment	1533	6	146416093	146495080
Segment	1534	6	146421991	146431605
Segment	1535	6	146421991	146487680
Segment	1536	6	146421991	146494517
Segment	1537	6	146421991	146503293
Segment	1538	6	146421991	146503577
Segment	1539	6	146422543	146433005
Segment	1540	6	146422543	146486752
Segment	1541	6	146422543	146491691
Segment	1542	6	146422543	146503293
Segment	1543	6	146422543	146503577
Segment	1544	6	146435670	146470245
Segment	1545	6	146435670	146503577
Segment	1546	6	146436959	146469149
Segment	1547	6	146436959	146503293
Segment	1548	6	146452934	146507479
Segment	1549	6	146452991	146487680
Segment	1550	6	146454057	146506162
Segment	1551	6	146454943	146486752
Segment	1552	6	146463015	146480224
Segment	1553	6	146466521	146479354
Segment	1554	6	146491039	146494224
Segment	1555	6	146493296	146495080
Segment	1556	6	146493953	146507479
Segment	1557	6	146493953	146530614
Segment	1558	6	146495158	146506162
Segment	1559	6	146495158	146531577
Segment	1560	6	146511190	146527970
Segment	1561	6	146511190	146531644
Segment	1562	6	146514214	146534673
Segment	1563	6	146514826	146536595
Segment	1564	6	146531783	146535762
Segment	1565	6	146531783	146542388
Segment	1566	6	146533125	146536584
Segment	1567	6	146533125	146540967
Segment	1568	6	146535739	146542388
Segment	1569	6	146536784	146540967
Segment	1570	6	146537346	146542388
Segment	1571	6	146538119	146540967
Segment	1572	6	146542068	146549580
Segment	1573	6	146542068	146551520
Segment	1574	6	146542298	146550776
Segment	1575	6	146542298	146552169
Segment	1576	6	146545716	146558035
Segment	1577	6	146546808	146560159
Segment	1578	6	146551793	146700409
Segment	1579	6	146552235	146552688
Segment	1580	6	146553496	146553764
Segment	1581	6	146555403	146698745
Segment	1582	6	146555904	146700409
Segment	1583	6	146557069	146698745
Segment	1584	6	146559539	146572373
Segment	1585	6	146559539	146700409
Segment	1586	6	146561906	146569459
Segment	1587	6	146561906	146698745
Segment	1588	6	146563294	146564295
Segment	1589	6	146563294	146600392
Segment	1590	6	146563294	146613143
Segment	1591	6	146563987	146565333
Segment	1592	6	146563987	146599160
Segment	1593	6	146563987	146612520
Segment	1594	6	146570154	146581970
Segment	1595	6	146570154	146587902
Segment	1596	6	146570154	146600392
Segment	1597	6	146571259	146583233
Segment	1598	6	146571259	146586469
Segment	1599	6	146571259	146599160
Segment	1600	6	146572422	146600392
Segment	1601	6	146573032	146599160
Segment	1602	6	146576624	146600392
Segment	1603	6	146576788	146587902
Segment	1604	6	146577555	146599160
Segment	1605	6	146578376	146586469
Segment	1606	6	146584500	151106922
Segment	1607	6	146606474	146613143
Segment	1608	6	146607748	146612520
Segment	1609	6	146613709	146700409
Segment	1610	6	146616258	146698745
Segment	1611	6	146624271	146700409
Segment	1612	6	146624752	146698745
Segment	1613	6	146633486	146700409
Segment	1614	6	146635129	146698745
Segment	1615	6	146659166	146700409
Segment	1616	6	146660423	146698745
Segment	1617	6	146697516	146700409
Segment	1618	6	146698288	146698745
Segment	1619	6	146704680	146704800
Segment	1620	6	146704680	146705919
Segment	1621	6	146704680	146796613
Segment	1622	6	146705943	146713970
Segment	1623	6	146705943	146715318
Segment	1624	6	146705943	146798473
Segment	1625	6	146705943	146812203
Segment	1626	6	146721617	146730420
Segment	1627	6	146721617	146761508
Segment	1628	6	146721617	146796613
Segment	1629	6	146721617	146801203
Segment	1630	6	146722654	146729853
Segment	1631	6	146722654	146763253
Segment	1632	6	146722654	146798473
Segment	1633	6	146722654	146802859
Segment	1634	6	146798269	146798637
Segment	1635	6	146798269	146807562
Segment	1636	6	146798269	146812203
Segment	1637	6	146798269	146963411
Segment	1638	6	146798269	146994543
Segment	1639	6	146798269	146994676
Segment	1640	6	146798269	147144567
Segment	1641	6	146798269	148380957
Segment	1642	6	146799646	146800101
Segment	1643	6	146799646	146808788
Segment	1644	6	146799646	146812270
Segment	1645	6	146799646	146966560
Segment	1646	6	146799646	146995543
Segment	1647	6	146799646	146996731
Segment	1648	6	146799646	147145650
Segment	1649	6	146799646	148381310
Segment	1650	6	146811999	146812270
Segment	1651	6	146811999	146815172
Segment	1652	6	146811999	146829665
Segment	1653	6	146811999	146854329
Segment	1654	6	146811999	146977323
Segment	1655	6	146811999	146978297
Segment	1656	6	146811999	146991558
Segment	1657	6	146811999	146994676
Segment	1658	6	146811999	148207439
Segment	1659	6	146811999	148214323
Segment	1660	6	146811999	148314078
Segment	1661	6	146812820	146816789
Segment	1662	6	146812820	146831193
Segment	1663	6	146812820	146855053
Segment	1664	6	146812820	146978108
Segment	1665	6	146812820	146980688
Segment	1666	6	146812820	146996731
Segment	1667	6	146812820	146999079
Segment	1668	6	146812820	148209122
Segment	1669	6	146812820	148215305
Segment	1670	6	146812820	148316697
Segment	1671	6	146812820	150841928
Segment	1672	6	146835068	146907410
Segment	1673	6	146835068	146964031
Segment	1674	6	146835068	146966549
Segment	1675	6	146835068	146991558
Segment	1676	6	146835068	146994676
Segment	1677	6	146835068	146995543
Segment	1678	6	146835068	147255513
Segment	1679	6	146835068	148377946
Segment	1680	6	146837879	146908319
Segment	1681	6	146837879	146964797
Segment	1682	6	146837879	146967117
Segment	1683	6	146837879	146994543
Segment	1684	6	146837879	146996731
Segment	1685	6	146837879	146999079
Segment	1686	6	146837879	147257008
Segment	1687	6	146837879	148376247
Segment	1688	6	146853103	146958251
Segment	1689	6	146853103	148381310
Segment	1690	6	146855634	146959070
Segment	1691	6	146855634	148380957
Segment	1692	6	146950752	146980688
Segment	1693	6	146952187	146995543
Segment	1694	6	146953246	146994543
Segment	1695	6	146956862	146978297
Segment	1696	6	146999957	147006162
Segment	1697	6	146999957	147009434
Segment	1698	6	146999957	147013562
Segment	1699	6	146999957	147151622
Segment	1700	6	146999957	147153673
Segment	1701	6	146999957	147173512
Segment	1702	6	146999957	147253034
Segment	1703	6	146999957	148316697
Segment	1704	6	147000664	147008054
Segment	1705	6	147000664	147011113
Segment	1706	6	147000664	147014472
Segment	1707	6	147000664	147153490
Segment	1708	6	147000664	147154857
Segment	1709	6	147000664	147174249
Segment	1710	6	147000664	147253545
Segment	1711	6	147000664	148314078
Segment	1712	6	147018217	147024599
Segment	1713	6	147018217	147099075
Segment	1714	6	147018217	147113201
Segment	1715	6	147018217	147241078
Segment	1716	6	147018217	147246088
Segment	1717	6	147018217	147342109
Segment	1718	6	147018217	147349916
Segment	1719	6	147018217	147406709
Segment	1720	6	147018217	147418202
Segment	1721	6	147018217	147445666
Segment	1722	6	147018217	148380957
Segment	1723	6	147025500	147026565
Segment	1724	6	147025500	147099693
Segment	1725	6	147025500	147117534
Segment	1726	6	147025500	147242380
Segment	1727	6	147025500	147248223
Segment	1728	6	147025500	147343188
Segment	1729	6	147025500	147353165
Segment	1730	6	147025500	147407797
Segment	1731	6	147025500	147420007
Segment	1732	6	147025500	147446507
Segment	1733	6	147025500	148381310
Segment	1734	6	147058282	148316697
Segment	1735	6	147059680	148314078
Segment	1736	6	147072162	147117534
Segment	1737	6	147072676	147113201
Segment	1738	6	147106653	147145650
Segment	1739	6	147106653	147201271
Segment	1740	6	147107773	147144567
Segment	1741	6	147107773	147202961
Segment	1742	6	147213566	147343188
Segment	1743	6	147215467	147342109
Segment	1744	6	147216060	147343188
Segment	1745	6	147217174	147342109
Segment	1746	6	147299746	147343188
Segment	1747	6	147303883	147342109
Segment	1748	6	147307146	147343188
Segment	1749	6	147307950	147342109
Segment	1750	6	147341473	147342109
Segment	1751	6	147342809	147343188
Segment	1752	6	147343610	147420007
Segment	1753	6	147345811	147418202
Segment	1754	6	147347517	147439426
Segment	1755	6	147349306	147438568
Segment	1756	6	147370285	147420007
Segment	1757	6	147371060	147418202
Segment	1758	6	147425895	147438568
Segment	1759	6	147425895	147446507
Segment	1760	6	147425895	147456957
Segment	1761	6	147426911	147439426
Segment	1762	6	147426911	147445666
Segment	1763	6	147426911	147458246
Segment	1764	6	147440936	147446507
Segment	1765	6	147440936	147459008
Segment	1766	6	147441592	147445666
Segment	1767	6	147441592	147460447
Segment	1768	6	147465712	147467919
Segment	1769	6	147465712	147468303
Segment	1770	6	147465712	147492199
Segment	1771	6	147465712	147563522
Segment	1772	6	147465712	147566166
Segment	1773	6	147465712	147631163
Segment	1774	6	147465712	148316697
Segment	1775	6	147467013	147467919
Segment	1776	6	147467013	147469383
Segment	1777	6	147467013	147493575
Segment	1778	6	147467013	147563849
Segment	1779	6	147467013	147569433
Segment	1780	6	147467013	147633317
Segment	1781	6	147467013	148314078
Segment	1782	6	147547984	147589202
Segment	1783	6	147547984	148316697
Segment	1784	6	147548782	147591203
Segment	1785	6	147548782	148314078
Segment	1786	6	147556771	147591203
Segment	1787	6	147557188	147589202
Segment	1788	6	147559200	147633317
Segment	1789	6	147559343	147631163
Segment	1790	6	147616099	148214323
Segment	1791	6	147617459	148215305
Segment	1792	6	147632499	147659465
Segment	1793	6	147632499	147660831
Segment	1794	6	147632499	147710618
Segment	1795	6	147632499	147779833
Segment	1796	6	147632499	148316697
Segment	1797	6	147633177	147660993
Segment	1798	6	147633177	147662686
Segment	1799	6	147633177	147711964
Segment	1800	6	147633177	147782236
Segment	1801	6	147633177	148314078
Segment	1802	6	147716484	147782236
Segment	1803	6	147717874	147779833
Segment	1804	6	147782436	147782719
Segment	1805	6	147782436	147795300
Segment	1806	6	147782436	147795853
Segment	1807	6	147782436	148135672
Segment	1808	6	147782436	148209122
Segment	1809	6	147782436	148249987
Segment	1810	6	147785017	147785237
Segment	1811	6	147785017	147793298
Segment	1812	6	147785017	147797937
Segment	1813	6	147785017	148136582
Segment	1814	6	147785017	148207439
Segment	1815	6	147785017	148250669
Segment	1816	6	147793124	147811653
Segment	1817	6	147793124	148209122
Segment	1818	6	147793124	148236103
Segment	1819	6	147793124	148320430
Segment	1820	6	147795100	147814025
Segment	1821	6	147795100	148207439
Segment	1822	6	147795100	148237199
Segment	1823	6	147795100	148320602
Segment	1824	6	147950173	148214323
Segment	1825	6	147951346	148215305
Segment	1826	6	148022504	148209122
Segment	1827	6	148024152	148207439
Segment	1828	6	148073526	148209122
Segment	1829	6	148075327	148207439
Segment	1830	6	148178095	148209122
Segment	1831	6	148179098	148207439
Segment	1832	6	148206871	148237199
Segment	1833	6	148208572	148236103
Segment	1834	6	148249436	148316697
Segment	1835	6	148249436	148363318
Segment	1836	6	148249436	148372823
Segment	1837	6	148253914	148314078
Segment	1838	6	148253914	148364040
Segment	1839	6	148253914	148375443
Segment	1840	6	148332412	148335849
Segment	1841	6	148332412	148380957
Segment	1842	6	148333586	148337119
Segment	1843	6	148333586	148381310
Segment	1844	6	148361144	148380957
Segment	1845	6	148361333	148381310
Segment	1846	6	148370499	148377946
Segment	1847	6	148371941	148376247
Segment	1848	6	148372795	148381310
Segment	1849	6	148372795	148399965
Segment	1850	6	148377669	148380957
Segment	1851	6	148377669	148401242
Segment	1852	6	148380941	148401242
Segment	1853	6	148382338	148399965
Segment	1854	6	148384763	148412306
Segment	1855	6	148387240	148409922
Segment	1856	6	148405107	148409922
Segment	1857	6	148405107	148422135
Segment	1858	6	148405107	148578960
Segment	1859	6	148405107	148981850
Segment	1860	6	148405107	149024636
Segment	1861	6	148405107	149143042
Segment	1862	6	148406243	148412306
Segment	1863	6	148406243	148422683
Segment	1864	6	148406243	148579628
Segment	1865	6	148406243	148983991
Segment	1866	6	148406243	149025471
Segment	1867	6	148406243	149144944
Segment	1868	6	148412377	148447380
Segment	1869	6	148412377	148540796
Segment	1870	6	148412377	149092107
Segment	1871	6	148413443	148446326
Segment	1872	6	148413443	148542245
Segment	1873	6	148413443	149093013
Segment	1874	6	148446292	148980774
Segment	1875	6	148446292	148980903
Segment	1876	6	148447061	148984754
Segment	1877	6	148447061	148985995
Segment	1878	6	148471559	148980774
Segment	1879	6	148473014	148984754
Segment	1880	6	148543329	148983991
Segment	1881	6	148543970	148981850
Segment	1882	6	148550112	148980774
Segment	1883	6	148551186	148984754
Segment	1884	6	148979409	149025471
Segment	1885	6	148979409	149468574
Segment	1886	6	148981800	149144944
Segment	1887	6	148981800	149463904
Segment	1888	6	148983324	149143042
Segment	1889	6	148983324	149467890
Segment	1890	6	148985042	149024636
Segment	1891	6	148985042	149469701
Segment	1892	6	149108750	149144944
Segment	1893	6	149109412	149143042
Segment	1894	6	149141463	149463097
Segment	1895	6	149142446	149461766
Segment	1896	6	149165776	149461766
Segment	1897	6	149167484	149463097
Segment	1898	6	149246763	149256889
Segment	1899	6	149247572	149260372
Segment	1900	6	149467364	149506731
Segment	1901	6	149470311	149504926
Segment	1902	6	149485124	149506731
Segment	1903	6	149485124	149655917
Segment	1904	6	149485824	149504926
Segment	1905	6	149485824	149656494
Segment	1906	6	149504482	149605802
Segment	1907	6	149504482	149621809
Segment	1908	6	149504482	150590218
Segment	1909	6	149506156	149608317
Segment	1910	6	149506156	149622839
Segment	1911	6	149506156	151106922
Segment	1912	6	149510874	149511597
Segment	1913	6	149510874	149536622
Segment	1914	6	149510874	149670484
Segment	1915	6	149510874	149991445
Segment	1916	6	149510874	150308257
Segment	1917	6	149510874	150545753
Segment	1918	6	149510874	150590218
Segment	1919	6	149510874	150794704
Segment	1920	6	149512320	149512492
Segment	1921	6	149512320	149538004
Segment	1922	6	149512320	149671771
Segment	1923	6	149512320	149992375
Segment	1924	6	149512320	150308748
Segment	1925	6	149512320	150548403
Segment	1926	6	149512320	150590218
Segment	1927	6	149512320	150795399
Segment	1928	6	149512320	151106922
Segment	1929	6	149599631	149656494
Segment	1930	6	149601071	149655917
Segment	1931	6	149686698	150050372
Segment	1932	6	149686698	150548403
Segment	1933	6	149688178	150052203
Segment	1934	6	149688178	150545753
Segment	1935	6	150011580	150548403
Segment	1936	6	150014741	150545753
Segment	1937	6	150122464	150548403
Segment	1938	6	150123245	150545753
Segment	1939	6	150417549	150548403
Segment	1940	6	150419032	150545753
Segment	1941	6	150512124	150548403
Segment	1942	6	150512769	150545753
Segment	1943	6	150550496	150795399
Segment	1944	6	150552705	150794704
Segment	1945	6	150590190	150590218
Segment	1946	6	150590190	150841928
Segment	1947	6	150590190	151106922
Segment	1948	6	150712128	150841928
Segment	1949	6	150712128	151081255
Segment	1950	6	150712928	151082593
Segment	1951	6	150712928	151106922
Segment	1952	6	150802666	150841928
Segment	1953	6	150804491	151106922
Segment	1954	6	150816148	151082593
Segment	1955	6	150818479	151081255
Segment	1956	6	150859945	151106922
Segment	1957	6	150861347	151106922
Segment	1958	6	150932752	151106922
Segment	1959	6	150933727	151106922
Segment	1960	6	151007547	151094829
Segment	1961	6	151019334	151106922
Segment	1962	6	151022356	151106922
Segment	1963	6	151094830	151106922
Segment	1964	10	30425958	30466846
Segment	1965	10	30433863	30436631
Segment	1966	10	30433863	30440146
Segment	1967	10	30433863	30466846
Segment	1968	10	30434303	30436631
Segment	1969	10	30434303	30438337
Segment	1970	10	30434303	30466846
Segment	1971	10	30464663	30466846
Segment	1972	10	30466174	30466846
Segment	1973	10	54549896	54550569
Segment	1974	10	54549896	54551943
Segment	1975	10	54549896	54555197
Segment	1976	10	54549896	54556400
Segment	1977	10	54549896	54560425
Segment	1978	10	54549896	54562046
Segment	1979	10	54549896	54594338
Segment	1980	10	54549896	54604338
Segment	1981	10	54559004	54576648
Segment	1982	10	54559004	54594338
Segment	1983	10	54564231	54577298
Segment	1984	10	54564231	54594338
Segment	1985	10	54592783	54593609
Segment	1986	10	54592783	54594338
Segment	1987	10	54592783	54596595
Segment	1988	10	54599377	54604338
Segment	1989	13	26377005	26387678
Segment	1990	13	26377005	26407678
Segment	1991	13	26384992	26387678
Segment	1992	13	26385503	26387678
Segment	1993	13	26389326	26407678
Segment	1994	13	26390209	26407678
Segment	1995	13	26395443	26407678
Segment	1996	13	26395750	26407678
Segment	1997	13	26405072	26407678
Segment	1998	13	26406930	26407678
Cycle=1;Copy_count=2.38169997543;Length=40889;IsCyclicPath=False;CycleClass=Invalid;Segments=0+,1964-,0+
Cycle=2;Copy_count=1.67334677736;Length=30674;IsCyclicPath=False;CycleClass=Invalid;Segments=0+,1990-,0+
Cycle=3;Copy_count=1.5038679997;Length=87283;IsCyclicPath=True;CycleClass=Invalid;Segments=1960+
Cycle=4;Copy_count=1.49485764985;Length=4522423;IsCyclicPath=False;CycleClass=Invalid;Segments=0+,1606-,0+
Cycle=5;Copy_count=1.1523665037;Length=127713;IsCyclicPath=True;CycleClass=Rearranged;Segments=1803-,1802+
Cycle=6;Copy_count=1.08808681078;Length=54443;IsCyclicPath=False;CycleClass=Invalid;Segments=0+,1980-,0+
Cycle=7;Copy_count=1.08661891336;Length=10673;IsCyclicPath=False;CycleClass=Invalid;Segments=0+,3-,0+
Cycle=8;Copy_count=1.08533667392;Length=59771;IsCyclicPath=True;CycleClass=Rearranged;Segments=1211-,1210+
Cycle=9;Copy_count=0.973734915991;Length=29272;IsCyclicPath=True;CycleClass=Rearranged;Segments=545-,551+
Cycle=10;Copy_count=0.973527390015;Length=26227;IsCyclicPath=True;CycleClass=Rearranged;Segments=1509-,1508+
Cycle=11;Copy_count=0.938501731699;Length=33490;IsCyclicPath=True;CycleClass=Rearranged;Segments=1192+,1193-
Cycle=12;Copy_count=0.938473014142;Length=147207;IsCyclicPath=True;CycleClass=Rearranged;Segments=750+,761-
Cycle=13;Copy_count=0.929743213111;Length=31176;IsCyclicPath=True;CycleClass=Rearranged;Segments=1107+,1108-
Cycle=14;Copy_count=0.917514438378;Length=120587;IsCyclicPath=True;CycleClass=Rearranged;Segments=1044+,1049-
Cycle=15;Copy_count=0.881453172009;Length=184465;IsCyclicPath=True;CycleClass=Rearranged;Segments=1621-,1624+
Cycle=16;Copy_count=0.853739538606;Length=124126;IsCyclicPath=True;CycleClass=Rearranged;Segments=1287-,1289+
Cycle=17;Copy_count=0.829913646864;Length=187084;IsCyclicPath=True;CycleClass=Rearranged;Segments=302-,304+
Cycle=18;Copy_count=0.825998320651;Length=31743;IsCyclicPath=True;CycleClass=Rearranged;Segments=817-,816+
Cycle=19;Copy_count=0.809495868591;Length=35435;IsCyclicPath=False;CycleClass=Rearranged;Segments=0+,7+,8-,0+
Cycle=20;Copy_count=0.75715978967;Length=81838;IsCyclicPath=True;CycleClass=Rearranged;Segments=1440+,1441-
Cycle=21;Copy_count=0.733667941588;Length=79109;IsCyclicPath=True;CycleClass=Rearranged;Segments=988+,989-
Cycle=22;Copy_count=0.707823625247;Length=199669;IsCyclicPath=True;CycleClass=Rearranged;Segments=1307+,1309-
Cycle=23;Copy_count=0.700271390025;Length=16618;IsCyclicPath=True;CycleClass=Rearranged;Segments=103+,104-
Cycle=24;Copy_count=0.696217338587;Length=226954;IsCyclicPath=True;CycleClass=Rearranged;Segments=400+,402-,397-
Cycle=25;Copy_count=0.692641596079;Length=93935;IsCyclicPath=True;CycleClass=Rearranged;Segments=261+,267-
Cycle=26;Copy_count=0.673139790049;Length=34402;IsCyclicPath=True;CycleClass=Rearranged;Segments=71+,72-
Cycle=27;Copy_count=0.666762647156;Length=121615;IsCyclicPath=True;CycleClass=Rearranged;Segments=96+,98-
Cycle=28;Copy_count=0.662099095065;Length=62598;IsCyclicPath=True;CycleClass=Rearranged;Segments=112-,116+
Cycle=29;Copy_count=0.65763814077;Length=745;IsCyclicPath=True;CycleClass=Invalid;Segments=1222+,1223-
Cycle=30;Copy_count=0.656482538244;Length=28371;IsCyclicPath=True;CycleClass=Rearranged;Segments=1331-,1330+
Cycle=31;Copy_count=0.653500700218;Length=232574;IsCyclicPath=True;CycleClass=Rearranged;Segments=515+,516-
Cycle=32;Copy_count=0.65318523172;Length=55609;IsCyclicPath=True;CycleClass=Rearranged;Segments=1153-,1143-,1144+
Cycle=33;Copy_count=0.651135637692;Length=181173;IsCyclicPath=True;CycleClass=Rearranged;Segments=1754+,1755-
Cycle=34;Copy_count=0.643136700246;Length=133071;IsCyclicPath=True;CycleClass=Rearranged;Segments=604+,605-
Cycle=35;Copy_count=0.636871786041;Length=37930;IsCyclicPath=True;CycleClass=Invalid;Segments=1852+,1853-
Cycle=36;Copy_count=0.61239729502;Length=486904;IsCyclicPath=True;CycleClass=Invalid;Segments=1943+,1944-
Cycle=37;Copy_count=0.609482372632;Length=14120;IsCyclicPath=True;CycleClass=Invalid;Segments=419-,418+
Cycle=38;Copy_count=0.589116465883;Length=99687;IsCyclicPath=True;CycleClass=Invalid;Segments=194-,193+
Cycle=39;Copy_count=0.581003464802;Length=40411;IsCyclicPath=True;CycleClass=Invalid;Segments=1035-,1034+
Cycle=40;Copy_count=0.579435446926;Length=28660;IsCyclicPath=True;CycleClass=Invalid;Segments=1017+,1019-
Cycle=41;Copy_count=0.577224298054;Length=73984;IsCyclicPath=True;CycleClass=Invalid;Segments=1900+,1901-
Cycle=42;Copy_count=0.572493399099;Length=41924;IsCyclicPath=True;CycleClass=Invalid;Segments=1269-,1260+
Cycle=43;Copy_count=0.56459270761;Length=17344;IsCyclicPath=True;CycleClass=Invalid;Segments=1129-,1134+
Cycle=44;Copy_count=0.558865079571;Length=156908;IsCyclicPath=True;CycleClass=Invalid;Segments=1794-,1799+
Cycle=45;Copy_count=0.554601088327;Length=83605;IsCyclicPath=True;CycleClass=Invalid;Segments=879-,878+
Cycle=46;Copy_count=0.553889377269;Length=110527;IsCyclicPath=True;CycleClass=Invalid;Segments=571+,572-
Cycle=47;Copy_count=0.552982573203;Length=98018;IsCyclicPath=True;CycleClass=Invalid;Segments=251+,256-
Cycle=48;Copy_count=0.552775866414;Length=44522;IsCyclicPath=True;CycleClass=Invalid;Segments=1230+,1236-
Cycle=49;Copy_count=0.539671437742;Length=3286;IsCyclicPath=True;CycleClass=Invalid;Segments=1339-,1337+
Cycle=50;Copy_count=0.532607341951;Length=153321;IsCyclicPath=True;CycleClass=Invalid;Segments=477-,478+
Cycle=51;Copy_count=0.523083816823;Length=47834;IsCyclicPath=True;CycleClass=Invalid;Segments=1352+,1358-
Cycle=52;Copy_count=0.520896427642;Length=27333;IsCyclicPath=True;CycleClass=Invalid;Segments=797-,801+
Cycle=53;Copy_count=0.519405711616;Length=48281;IsCyclicPath=True;CycleClass=Invalid;Segments=710+,711-
Cycle=54;Copy_count=0.519061376731;Length=73082;IsCyclicPath=True;CycleClass=Invalid;Segments=1557+,1559-
Cycle=55;Copy_count=0.518621400779;Length=290703;IsCyclicPath=True;CycleClass=Invalid;Segments=690-,691+
Cycle=56;Copy_count=0.515461393223;Length=71509;IsCyclicPath=True;CycleClass=Invalid;Segments=742+,743-
Cycle=57;Copy_count=0.506142380555;Length=966672;IsCyclicPath=True;CycleClass=Invalid;Segments=1887-,1889+
Cycle=58;Copy_count=0.502023382989;Length=25124;IsCyclicPath=True;CycleClass=Invalid;Segments=1252+,1253-
Cycle=59;Copy_count=0.499701406643;Length=864232;IsCyclicPath=True;CycleClass=Invalid;Segments=1882-,1883+
Cycle=60;Copy_count=0.496622852452;Length=257223;IsCyclicPath=True;CycleClass=Invalid;Segments=1869-,1872+
Cycle=61;Copy_count=0.489560457673;Length=61442;IsCyclicPath=True;CycleClass=Invalid;Segments=1131-,1136+
Cycle=62;Copy_count=0.486680317941;Length=7892;IsCyclicPath=True;CycleClass=Invalid;Segments=1571-,1570+
Cycle=63;Copy_count=0.48259974668;Length=20078;IsCyclicPath=True;CycleClass=Invalid;Segments=1534-,1539+
Cycle=64;Copy_count=0.482387232773;Length=42230;IsCyclicPath=True;CycleClass=Invalid;Segments=1562-,1563+
Cycle=65;Copy_count=0.481017017951;Length=2570;IsCyclicPath=True;CycleClass=Invalid;Segments=1284-,1290+
Cycle=66;Copy_count=0.475951721418;Length=21147;IsCyclicPath=True;CycleClass=Invalid;Segments=1805+,1811-
Cycle=67;Copy_count=0.472875716767;Length=224010;IsCyclicPath=True;CycleClass=Invalid;Segments=1835+,1838-
Cycle=68;Copy_count=0.469616961026;Length=2299;IsCyclicPath=True;CycleClass=Invalid;Segments=910-,911+
Cycle=69;Copy_count=0.463965732224;Length=973826;IsCyclicPath=True;CycleClass=Invalid;Segments=1885+,1891-
Cycle=70;Copy_count=0.463382572483;Length=3175;IsCyclicPath=True;CycleClass=Invalid;Segments=1334+,1336-
Cycle=71;Copy_count=0.460928952352;Length=9569;IsCyclicPath=True;CycleClass=Invalid;Segments=1364+,1367-,1371+,1375-
Cycle=72;Copy_count=0.453602560593;Length=80248;IsCyclicPath=True;CycleClass=Invalid;Segments=659+,663-
Cycle=73;Copy_count=0.451331073673;Length=36282;IsCyclicPath=True;CycleClass=Invalid;Segments=648+,649-
Cycle=74;Copy_count=0.450026314258;Length=36885;IsCyclicPath=True;CycleClass=Invalid;Segments=416-,415+
Cycle=75;Copy_count=0.445500040449;Length=670013;IsCyclicPath=False;CycleClass=Invalid;Segments=0+,18+,118-,130+,387-,0+
Cycle=76;Copy_count=0.444630928574;Length=43381;IsCyclicPath=True;CycleClass=Invalid;Segments=185-,186+
Cycle=77;Copy_count=0.443514651949;Length=34196;IsCyclicPath=True;CycleClass=Invalid;Segments=938+,939-
Cycle=78;Copy_count=0.435522358699;Length=4747;IsCyclicPath=True;CycleClass=Invalid;Segments=824-,826+
Cycle=79;Copy_count=0.425954036125;Length=13500;IsCyclicPath=True;CycleClass=Invalid;Segments=1450-,1448+
Cycle=80;Copy_count=0.425677537863;Length=54160;IsCyclicPath=False;CycleClass=Invalid;Segments=0+,9+,9-,0+
Cycle=81;Copy_count=0.423462867246;Length=90311;IsCyclicPath=True;CycleClass=Invalid;Segments=500+,503-
Cycle=82;Copy_count=0.423462867246;Length=45625;IsCyclicPath=True;CycleClass=Invalid;Segments=499+,502-
Cycle=83;Copy_count=0.419765967606;Length=341695;IsCyclicPath=False;CycleClass=Invalid;Segments=0+,1952-,1953+,0+
Cycle=84;Copy_count=0.416391486596;Length=11006;IsCyclicPath=True;CycleClass=Invalid;Segments=1402+,1403-
Cycle=85;Copy_count=0.415428113187;Length=40711;IsCyclicPath=True;CycleClass=Invalid;Segments=1904-,1902+
Cycle=86;Copy_count=0.414281041776;Length=124324;IsCyclicPath=True;CycleClass=Invalid;Segments=1048-,1045+
Cycle=87;Copy_count=0.412398995846;Length=208586;IsCyclicPath=True;CycleClass=Invalid;Segments=1688+,1690-
Cycle=88;Copy_count=0.411826275817;Length=11832;IsCyclicPath=True;CycleClass=Invalid;Segments=1340+,1343-
Cycle=89;Copy_count=0.407681482325;Length=31760;IsCyclicPath=True;CycleClass=Invalid;Segments=1417+,1420-
Cycle=90;Copy_count=0.407056265778;Length=64070;IsCyclicPath=True;CycleClass=Invalid;Segments=1412+,1415-
Cycle=91;Copy_count=0.406277299319;Length=25313;IsCyclicPath=True;CycleClass=Invalid;Segments=1242-,1244+
Cycle=92;Copy_count=0.402020503448;Length=68970;IsCyclicPath=True;CycleClass=Invalid;Segments=199-,196+
Cycle=93;Copy_count=0.395401714511;Length=1052;IsCyclicPath=True;CycleClass=Invalid;Segments=51-,52+
Cycle=94;Copy_count=0.394423353075;Length=21714;IsCyclicPath=True;CycleClass=Invalid;Segments=1510-,1514+
Cycle=95;Copy_count=0.391391909219;Length=189808;IsCyclicPath=True;CycleClass=Invalid;Segments=1739-,1741+
Cycle=96;Copy_count=0.388120618147;Length=67888;IsCyclicPath=True;CycleClass=Invalid;Segments=1868+,1871-
Cycle=97;Copy_count=0.387328230189;Length=16679;IsCyclicPath=True;CycleClass=Invalid;Segments=421+,436-
Cycle=98;Copy_count=0.38691864422;Length=6542;IsCyclicPath=True;CycleClass=Invalid;Segments=365+,366-
Cycle=99;Copy_count=0.385335555264;Length=26031;IsCyclicPath=True;CycleClass=Invalid;Segments=1368-,1372+
Cycle=100;Copy_count=0.383251824139;Length=7440;IsCyclicPath=True;CycleClass=Invalid;Segments=1564+,1566-
Cycle=101;Copy_count=0.382050474888;Length=57861;IsCyclicPath=True;CycleClass=Invalid;Segments=1832+,1833-
Cycle=102;Copy_count=0.380547804175;Length=14093;IsCyclicPath=True;CycleClass=Invalid;Segments=1404-,1406+
Cycle=103;Copy_count=0.379939385728;Length=5304;IsCyclicPath=True;CycleClass=Invalid;Segments=1460+,1461-
Cycle=104;Copy_count=0.379226678183;Length=60177;IsCyclicPath=True;CycleClass=Invalid;Segments=1452+,1459-
Cycle=105;Copy_count=0.373392720465;Length=50745;IsCyclicPath=True;CycleClass=Invalid;Segments=1849+,1851-
Cycle=106;Copy_count=0.370985556185;Length=20832;IsCyclicPath=True;CycleClass=Invalid;Segments=1079+,1083-
Cycle=107;Copy_count=0.370901481217;Length=70203;IsCyclicPath=True;CycleClass=Invalid;Segments=1749-,1748+
Cycle=108;Copy_count=0.367753609496;Length=24532;IsCyclicPath=True;CycleClass=Invalid;Segments=1558-,1556+
Cycle=109;Copy_count=0.357145526154;Length=1689;IsCyclicPath=True;CycleClass=Invalid;Segments=1219-,1224+
Cycle=110;Copy_count=0.356640944343;Length=89949;IsCyclicPath=True;CycleClass=Invalid;Segments=1125-,1127+
Cycle=111;Copy_count=0.35626294251;Length=723;IsCyclicPath=True;CycleClass=Invalid;Segments=1579+,1580-
Cycle=112;Copy_count=0.354333745942;Length=30713;IsCyclicPath=True;CycleClass=Invalid;Segments=1981+,1983-
Cycle=113;Copy_count=0.353618278134;Length=1310;IsCyclicPath=True;CycleClass=Invalid;Segments=371+,372-
Cycle=114;Copy_count=0.352222757774;Length=51945;IsCyclicPath=True;CycleClass=Invalid;Segments=81+,85-
Cycle=115;Copy_count=0.351127217748;Length=13991;IsCyclicPath=True;CycleClass=Invalid;Segments=907+,908-
Cycle=116;Copy_count=0.350638022331;Length=20485;IsCyclicPath=True;CycleClass=Invalid;Segments=101+,102-
Cycle=117;Copy_count=0.349615607166;Length=1020957;IsCyclicPath=True;CycleClass=Invalid;Segments=1878-,1879+
Cycle=118;Copy_count=0.346693818916;Length=50227;IsCyclicPath=True;CycleClass=Invalid;Segments=1854+,1855-
Cycle=119;Copy_count=0.345327285846;Length=25672;IsCyclicPath=True;CycleClass=Invalid;Segments=1576-,1577+
Cycle=120;Copy_count=0.343392593914;Length=244918;IsCyclicPath=True;CycleClass=Invalid;Segments=1836+,1839-
Cycle=121;Copy_count=0.339714154177;Length=30322;IsCyclicPath=True;CycleClass=Invalid;Segments=868+,869-
Cycle=122;Copy_count=0.338299020826;Length=100002;IsCyclicPath=True;CycleClass=Invalid;Segments=1118-,1116+
Cycle=123;Copy_count=0.337981065587;Length=1136;IsCyclicPath=True;CycleClass=Invalid;Segments=79-,80+
Cycle=124;Copy_count=0.337522327784;Length=35823;IsCyclicPath=False;CycleClass=Invalid;Segments=0+,1994-,1993+,0+
Cycle=125;Copy_count=0.335373840274;Length=14495;IsCyclicPath=True;CycleClass=Invalid;Segments=496+,498-
Cycle=126;Copy_count=0.334593228339;Length=21774;IsCyclicPath=True;CycleClass=Invalid;Segments=1181-,1177+
Cycle=127;Copy_count=0.330965280968;Length=704803;IsCyclicPath=True;CycleClass=Invalid;Segments=1807+,1813-
Cycle=128;Copy_count=0.329412799711;Length=28454;IsCyclicPath=True;CycleClass=Invalid;Segments=906+,909-
Cycle=129;Copy_count=0.328874765818;Length=37236;IsCyclicPath=True;CycleClass=Invalid;Segments=1560-,1561+
Cycle=130;Copy_count=0.327540639482;Length=36650;IsCyclicPath=True;CycleClass=Invalid;Segments=367+,368-
Cycle=131;Copy_count=0.325942884248;Length=75234;IsCyclicPath=True;CycleClass=Invalid;Segments=100-,99+
Cycle=132;Copy_count=0.325908310717;Length=3030;IsCyclicPath=True;CycleClass=Invalid;Segments=211-,213+
Cycle=133;Copy_count=0.325364250867;Length=26321;IsCyclicPath=True;CycleClass=Invalid;Segments=954+,961-
Cycle=134;Copy_count=0.324535370029;Length=10340;IsCyclicPath=True;CycleClass=Invalid;Segments=1122-,1121+
Cycle=135;Copy_count=0.323630369693;Length=18437;IsCyclicPath=True;CycleClass=Invalid;Segments=1635+,1643-
Cycle=136;Copy_count=0.323608861617;Length=28950;IsCyclicPath=True;CycleClass=Invalid;Segments=872-,874+
Cycle=137;Copy_count=0.322803609052;Length=33290;IsCyclicPath=True;CycleClass=Invalid;Segments=1190-,1189+
Cycle=138;Copy_count=0.321942909317;Length=45004;IsCyclicPath=True;CycleClass=Invalid;Segments=1053+,1057-
Cycle=139;Copy_count=0.316992016919;Length=1926;IsCyclicPath=True;CycleClass=Invalid;Segments=601-,602+
Cycle=140;Copy_count=0.314185394445;Length=42975;IsCyclicPath=True;CycleClass=Invalid;Segments=204-,203+
Cycle=141;Copy_count=0.309214167438;Length=821;IsCyclicPath=True;CycleClass=Invalid;Segments=1335-,1338+
Cycle=142;Copy_count=0.307162681185;Length=60752;IsCyclicPath=True;CycleClass=Invalid;Segments=1453+,1458-
Cycle=143;Copy_count=0.305365289683;Length=114981;IsCyclicPath=True;CycleClass=Invalid;Segments=1304+,1305-
Cycle=144;Copy_count=0.301207742237;Length=16116;IsCyclicPath=True;CycleClass=Invalid;Segments=972+,982-
Cycle=145;Copy_count=0.297615802446;Length=25190;IsCyclicPath=True;CycleClass=Invalid;Segments=1758+,1761-
Cycle=146;Copy_count=0.295683146568;Length=682;IsCyclicPath=True;CycleClass=Invalid;Segments=1447+,1449-
Cycle=147;Copy_count=0.294809694426;Length=77428;IsCyclicPath=False;CycleClass=Invalid;Segments=0+,10+,11-,0+
Cycle=148;Copy_count=0.290934752007;Length=29122;IsCyclicPath=True;CycleClass=Invalid;Segments=903+,905-
Cycle=149;Copy_count=0.288992662442;Length=3623;IsCyclicPath=True;CycleClass=Invalid;Segments=563+,567-
Cycle=150;Copy_count=0.287110108076;Length=897;IsCyclicPath=True;CycleClass=Invalid;Segments=1912+,1920-
Cycle=151;Copy_count=0.285354784089;Length=11443;IsCyclicPath=True;CycleClass=Invalid;Segments=1607+,1608-
Cycle=152;Copy_count=0.281923505708;Length=6404;IsCyclicPath=True;CycleClass=Invalid;Segments=456-,460+
Cycle=153;Copy_count=0.276887227821;Length=40041;IsCyclicPath=True;CycleClass=Invalid;Segments=1324-,1322+
Cycle=154;Copy_count=0.276692246521;Length=43582;IsCyclicPath=True;CycleClass=Invalid;Segments=74-,73+
Cycle=155;Copy_count=0.276461209975;Length=17385;IsCyclicPath=True;CycleClass=Invalid;Segments=1572-,1575+
Cycle=156;Copy_count=0.273450425699;Length=4161;IsCyclicPath=True;CycleClass=Invalid;Segments=47+,49-
Cycle=157;Copy_count=0.272651368737;Length=528143;IsCyclicPath=False;CycleClass=Invalid;Segments=0+,1988-,1986+,1945-,1991-,1992+,1947+,0+
Cycle=158;Copy_count=0.269166420057;Length=17765;IsCyclicPath=True;CycleClass=Invalid;Segments=246-,248+
Cycle=159;Copy_count=0.267810102596;Length=77744;IsCyclicPath=True;CycleClass=Invalid;Segments=858-,860+
Cycle=160;Copy_count=0.266840032206;Length=67136;IsCyclicPath=True;CycleClass=Invalid;Segments=1456-,1455+
Cycle=161;Copy_count=0.260568970459;Length=33886;IsCyclicPath=True;CycleClass=Invalid;Segments=1512+,1515-
Cycle=162;Copy_count=0.259818035148;Length=695;IsCyclicPath=True;CycleClass=Invalid;Segments=1292+,1293-
Cycle=163;Copy_count=0.258482614039;Length=24365;IsCyclicPath=True;CycleClass=Invalid;Segments=889+,892-
Cycle=164;Copy_count=0.258070634696;Length=529223;IsCyclicPath=True;CycleClass=Invalid;Segments=1954+,1955-
Cycle=165;Copy_count=0.253909644117;Length=2510;IsCyclicPath=True;CycleClass=Invalid;Segments=373+,374-
Cycle=166;Copy_count=0.253187698117;Length=66275;IsCyclicPath=True;CycleClass=Invalid;Segments=1454-,1457+
Cycle=167;Copy_count=0.249602973783;Length=65276;IsCyclicPath=True;CycleClass=Invalid;Segments=1468-,1477+
Cycle=168;Copy_count=0.248751681516;Length=5995;IsCyclicPath=True;CycleClass=Invalid;Segments=1142-,1141+
Cycle=169;Copy_count=0.248142066918;Length=145939;IsCyclicPath=True;CycleClass=Invalid;Segments=1789-,1788+
Cycle=170;Copy_count=0.247223255427;Length=61978;IsCyclicPath=True;CycleClass=Invalid;Segments=615+,621-
Cycle=171;Copy_count=0.245534710399;Length=131981;IsCyclicPath=True;CycleClass=Invalid;Segments=307-,320+
Cycle=172;Copy_count=0.245021270036;Length=20389;IsCyclicPath=True;CycleClass=Invalid;Segments=1586-,1584+
Cycle=173;Copy_count=0.24468176472;Length=102599;IsCyclicPath=True;CycleClass=Invalid;Segments=146+,171-
Cycle=174;Copy_count=0.244125026956;Length=54663;IsCyclicPath=True;CycleClass=Invalid;Segments=64-,69+
Cycle=175;Copy_count=0.242833876446;Length=80492;IsCyclicPath=True;CycleClass=Invalid;Segments=1627-,1631+
Cycle=176;Copy_count=0.242827611017;Length=24903;IsCyclicPath=True;CycleClass=Invalid;Segments=31+,34-
Cycle=177;Copy_count=0.239397050988;Length=14647;IsCyclicPath=True;CycleClass=Invalid;Segments=417+,420-
Cycle=178;Copy_count=0.23889705664;Length=3724;IsCyclicPath=True;CycleClass=Invalid;Segments=395+,398-
Cycle=179;Copy_count=0.238594827696;Length=49178;IsCyclicPath=True;CycleClass=Invalid;Segments=1248-,1249+
Cycle=180;Copy_count=0.235738680908;Length=16938;IsCyclicPath=True;CycleClass=Invalid;Segments=494-,493+
Cycle=181;Copy_count=0.235054145004;Length=120424;IsCyclicPath=True;CycleClass=Invalid;Segments=716+,725-
Cycle=182;Copy_count=0.234889254421;Length=1956;IsCyclicPath=True;CycleClass=Invalid;Segments=375-,376+
Cycle=183;Copy_count=0.233199703008;Length=42008;IsCyclicPath=True;CycleClass=Invalid;Segments=1475-,1466+
Cycle=184;Copy_count=0.231722800949;Length=50440;IsCyclicPath=True;CycleClass=Invalid;Segments=925+,927-
Cycle=185;Copy_count=0.23145606102;Length=26783;IsCyclicPath=True;CycleClass=Invalid;Segments=1329-,1328+
Cycle=186;Copy_count=0.230378548401;Length=57843;IsCyclicPath=True;CycleClass=Invalid;Segments=1793-,1798+
Cycle=187;Copy_count=0.23004651348;Length=32750;IsCyclicPath=True;CycleClass=Invalid;Segments=377+,385-
Cycle=188;Copy_count=0.229816870595;Length=23360;IsCyclicPath=True;CycleClass=Invalid;Segments=201+,202-
Cycle=189;Copy_count=0.22793845941;Length=15608;IsCyclicPath=True;CycleClass=Invalid;Segments=1109+,1112-
Cycle=190;Copy_count=0.226307384799;Length=26427;IsCyclicPath=True;CycleClass=Invalid;Segments=823-,822+
Cycle=191;Copy_count=0.225207028972;Length=47704;IsCyclicPath=True;CycleClass=Invalid;Segments=1413-,1414+
Cycle=192;Copy_count=0.224383921117;Length=54784;IsCyclicPath=True;CycleClass=Invalid;Segments=1792-,1797+
Cycle=193;Copy_count=0.223466888066;Length=13875;IsCyclicPath=True;CycleClass=Invalid;Segments=944+,947-
Cycle=194;Copy_count=0.222132448527;Length=1431;IsCyclicPath=True;CycleClass=Invalid;Segments=658+,662-
Cycle=195;Copy_count=0.221578540741;Length=8782;IsCyclicPath=True;CycleClass=Invalid;Segments=1409-,1408+
Cycle=196;Copy_count=0.220994666636;Length=340901;IsCyclicPath=False;CycleClass=Invalid;Segments=0+,405-,388-,0+
Cycle=197;Copy_count=0.220721079155;Length=31997;IsCyclicPath=True;CycleClass=Invalid;Segments=669+,672-
Cycle=198;Copy_count=0.215920408496;Length=825;IsCyclicPath=True;CycleClass=Invalid;Segments=1634-,1642+
Cycle=199;Copy_count=0.21295578971;Length=8449;IsCyclicPath=True;CycleClass=Invalid;Segments=713-,712+
Cycle=200;Copy_count=0.212629220534;Length=79789;IsCyclicPath=True;CycleClass=Invalid;Segments=1123+,1124-
Cycle=201;Copy_count=0.212485967454;Length=13717;IsCyclicPath=True;CycleClass=Invalid;Segments=794+,795-
Cycle=202;Copy_count=0.212230318312;Length=42931;IsCyclicPath=True;CycleClass=Invalid;Segments=511+,512-
Cycle=203;Copy_count=0.211971666919;Length=96866;IsCyclicPath=True;CycleClass=Invalid;Segments=1757-,1756+
Cycle=204;Copy_count=0.211278817938;Length=172156;IsCyclicPath=False;CycleClass=Invalid;Segments=0+,1961-,1962+,0+
Cycle=205;Copy_count=0.21039879341;Length=84565;IsCyclicPath=True;CycleClass=Invalid;Segments=1653+,1663-
Cycle=206;Copy_count=0.209387995605;Length=20413;IsCyclicPath=True;CycleClass=Invalid;Segments=1347-,1346+
Cycle=207;Copy_count=0.209154305304;Length=28515;IsCyclicPath=True;CycleClass=Invalid;Segments=1342+,1345-
Cycle=208;Copy_count=0.208827171808;Length=6601;IsCyclicPath=True;CycleClass=Invalid;Segments=1184+,1187-
Cycle=209;Copy_count=0.207211797632;Length=10126;IsCyclicPath=True;CycleClass=Invalid;Segments=796-,800+
Cycle=210;Copy_count=0.207053413458;Length=21923;IsCyclicPath=True;CycleClass=Invalid;Segments=792-,793+
Cycle=211;Copy_count=0.207028731394;Length=2476447;IsCyclicPath=False;CycleClass=Invalid;Segments=0+,733-,714+,20-,0+
Cycle=212;Copy_count=0.208382021881;Length=85466;IsCyclicPath=True;CycleClass=Invalid;Segments=806+,810-
Cycle=213;Copy_count=0.206354708033;Length=159793;IsCyclicPath=True;CycleClass=Invalid;Segments=1629-,1633+
Cycle=214;Copy_count=0.20517940404;Length=21311;IsCyclicPath=True;CycleClass=Invalid;Segments=1212+,1214-
Cycle=215;Copy_count=0.203969723587;Length=11614;IsCyclicPath=True;CycleClass=Invalid;Segments=1068-,1058+
Cycle=216;Copy_count=0.203822301474;Length=920;IsCyclicPath=True;CycleClass=Invalid;Segments=57-,59+
Cycle=217;Copy_count=0.203008745639;Length=62396;IsCyclicPath=True;CycleClass=Invalid;Segments=579+,582-
Cycle=218;Copy_count=0.202457242766;Length=25027;IsCyclicPath=True;CycleClass=Invalid;Segments=1042+,1046-
Cycle=219;Copy_count=0.20163267363;Length=150133;IsCyclicPath=True;CycleClass=Invalid;Segments=1612-,1611+
Cycle=220;Copy_count=0.199307144851;Length=6429;IsCyclicPath=True;CycleClass=Invalid;Segments=912+,922-
Cycle=221;Copy_count=0.197454260474;Length=35338;IsCyclicPath=True;CycleClass=Invalid;Segments=1373-,1369+
Cycle=222;Copy_count=0.197454260474;Length=34875;IsCyclicPath=True;CycleClass=Invalid;Segments=1365+,1376-
Cycle=223;Copy_count=0.19632600143;Length=1017;IsCyclicPath=True;CycleClass=Invalid;Segments=1750+,1751-
Cycle=224;Copy_count=0.194053545132;Length=727701;IsCyclicPath=True;CycleClass=Invalid;Segments=1931-,1933+
Cycle=225;Copy_count=0.193140582792;Length=37540;IsCyclicPath=True;CycleClass=Invalid;Segments=1250-,1251+
Cycle=226;Copy_count=0.190626105451;Length=27734;IsCyclicPath=True;CycleClass=Invalid;Segments=668+,671-
Cycle=227;Copy_count=0.190283147082;Length=160713;IsCyclicPath=True;CycleClass=Invalid;Segments=521-,526+
Cycle=228;Copy_count=0.190227741265;Length=848449;IsCyclicPath=True;CycleClass=Invalid;Segments=1938-,1937+
Cycle=229;Copy_count=0.32838895208;Length=1719282;IsCyclicPath=True;CycleClass=Invalid;Segments=1934-,1932+
Cycle=230;Copy_count=0.188899529583;Length=99968;IsCyclicPath=True;CycleClass=Invalid;Segments=1325-,1323+
Cycle=231;Copy_count=0.188745817602;Length=4971;IsCyclicPath=True;CycleClass=Invalid;Segments=1554+,1555-
Cycle=232;Copy_count=0.188003792971;Length=83978;IsCyclicPath=True;CycleClass=Invalid;Segments=351+,356-
Cycle=233;Copy_count=0.187528090841;Length=1035;IsCyclicPath=True;CycleClass=Invalid;Segments=301+,303-
Cycle=234;Copy_count=0.18674511591;Length=15058;IsCyclicPath=True;CycleClass=Invalid;Segments=1256+,1257-
Cycle=235;Copy_count=0.18661827132;Length=13976;IsCyclicPath=True;CycleClass=Invalid;Segments=287+,288-
Cycle=236;Copy_count=0.185821611983;Length=38865;IsCyclicPath=True;CycleClass=Invalid;Segments=489-,491+
Cycle=237;Copy_count=0.184446460422;Length=20280;IsCyclicPath=True;CycleClass=Invalid;Segments=943-,941+
Cycle=238;Copy_count=0.182044179259;Length=4343;IsCyclicPath=True;CycleClass=Invalid;Segments=610+,624-
Cycle=239;Copy_count=0.181795011711;Length=6402;IsCyclicPath=True;CycleClass=Invalid;Segments=1445-,1446+
Cycle=240;Copy_count=0.181101420652;Length=62399;IsCyclicPath=True;CycleClass=Invalid;Segments=1760-,1763+
Cycle=241;Copy_count=0.180352892528;Length=22399;IsCyclicPath=True;CycleClass=Invalid;Segments=187+,191-
Cycle=242;Copy_count=0.178553506103;Length=142000;IsCyclicPath=True;CycleClass=Invalid;Segments=589-,588+
Cycle=243;Copy_count=0.176969691307;Length=18702;IsCyclicPath=True;CycleClass=Invalid;Segments=1059+,1069-
Cycle=244;Copy_count=0.173474697691;Length=64635;IsCyclicPath=True;CycleClass=Invalid;Segments=1032-,1024+
Cycle=245;Copy_count=0.172662019802;Length=4056;IsCyclicPath=True;CycleClass=Invalid;Segments=1295+,1296-
Cycle=246;Copy_count=0.172319285816;Length=10834;IsCyclicPath=True;CycleClass=Invalid;Segments=1569-,1568+
Cycle=247;Copy_count=0.171723210107;Length=5301;IsCyclicPath=True;CycleClass=Invalid;Segments=1172+,1173-
Cycle=248;Copy_count=0.171493117285;Length=505;IsCyclicPath=True;CycleClass=Invalid;Segments=1804+,1810-
Cycle=249;Copy_count=0.169657930681;Length=36971;IsCyclicPath=True;CycleClass=Invalid;Segments=1297+,1299-
Cycle=250;Copy_count=0.169247954285;Length=112006;IsCyclicPath=True;CycleClass=Invalid;Segments=95+,97-
Cycle=251;Copy_count=0.169180725458;Length=49757;IsCyclicPath=True;CycleClass=Invalid;Segments=990-,991+
Cycle=252;Copy_count=0.167450744721;Length=87780;IsCyclicPath=True;CycleClass=Invalid;Segments=1229-,1235+
Cycle=253;Copy_count=0.167432638227;Length=878544;IsCyclicPath=True;CycleClass=Invalid;Segments=1881-,1880+
Cycle=254;Copy_count=0.20145192634;Length=1073547;IsCyclicPath=True;CycleClass=Invalid;Segments=1875-,1877+
Cycle=255;Copy_count=0.16664803891;Length=371602;IsCyclicPath=True;CycleClass=Invalid;Segments=409-,410+
Cycle=256;Copy_count=0.165077245028;Length=48829;IsCyclicPath=True;CycleClass=Invalid;Segments=1154-,1149-,1145+
Cycle=257;Copy_count=0.164555150864;Length=93172;IsCyclicPath=True;CycleClass=Invalid;Segments=1128-,1126+
Cycle=258;Copy_count=0.162097102618;Length=507;IsCyclicPath=True;CycleClass=Invalid;Segments=259-,265+
Cycle=259;Copy_count=0.161588267797;Length=10752;IsCyclicPath=True;CycleClass=Invalid;Segments=1240+,1245-
Cycle=260;Copy_count=0.161486156637;Length=10756;IsCyclicPath=True;CycleClass=Invalid;Segments=886-,883+
Cycle=261;Copy_count=0.161154796884;Length=17960;IsCyclicPath=True;CycleClass=Invalid;Segments=1241+,1243-
Cycle=262;Copy_count=0.15995407156;Length=84978;IsCyclicPath=True;CycleClass=Invalid;Segments=1231-,1237+
Cycle=263;Copy_count=0.159695098333;Length=37744;IsCyclicPath=True;CycleClass=Invalid;Segments=1246+,1247-
Cycle=264;Copy_count=0.15862214983;Length=62204;IsCyclicPath=True;CycleClass=Invalid;Segments=195-,198+
Cycle=265;Copy_count=0.157883072114;Length=20746;IsCyclicPath=True;CycleClass=Invalid;Segments=1176-,1182+
Cycle=266;Copy_count=0.156646117516;Length=77610;IsCyclicPath=True;CycleClass=Invalid;Segments=689-,688+
Cycle=267;Copy_count=0.154984739996;Length=6917;IsCyclicPath=True;CycleClass=Invalid;Segments=229-,236+
Cycle=268;Copy_count=0.154966066747;Length=95971;IsCyclicPath=True;CycleClass=Invalid;Segments=1435-,1438+
Cycle=269;Copy_count=0.154684059762;Length=1642;IsCyclicPath=True;CycleClass=Invalid;Segments=1014-,1015+
Cycle=270;Copy_count=0.154011873811;Length=30424;IsCyclicPath=True;CycleClass=Invalid;Segments=519+,520-
Cycle=271;Copy_count=0.151589913296;Length=31586;IsCyclicPath=True;CycleClass=Invalid;Segments=786-,788+
Cycle=272;Copy_count=0.151325064854;Length=9000;IsCyclicPath=True;CycleClass=Invalid;Segments=1332-,1333+
Cycle=273;Copy_count=0.149491036011;Length=4564;IsCyclicPath=True;CycleClass=Invalid;Segments=1474+,1473-,1464+,1465-
Cycle=274;Copy_count=0.148971250871;Length=3960;IsCyclicPath=True;CycleClass=Invalid;Segments=518-,517+
Cycle=275;Copy_count=0.148963272584;Length=23336;IsCyclicPath=True;CycleClass=Invalid;Segments=1120-,1119+
Cycle=276;Copy_count=0.147703796947;Length=105010;IsCyclicPath=True;CycleClass=Invalid;Segments=1522+,1528-
Cycle=277;Copy_count=0.146457041709;Length=7198;IsCyclicPath=True;CycleClass=Invalid;Segments=391+,393-
Cycle=278;Copy_count=0.14589390232;Length=69826;IsCyclicPath=True;CycleClass=Invalid;Segments=1893-,1892+
Cycle=279;Copy_count=0.145709021604;Length=5396;IsCyclicPath=True;CycleClass=Invalid;Segments=290-,289+
Cycle=280;Copy_count=0.145611036161;Length=54749;IsCyclicPath=True;CycleClass=Invalid;Segments=707+,709-
Cycle=281;Copy_count=0.14459156812;Length=22681;IsCyclicPath=False;CycleClass=Invalid;Segments=0+,1977+,1978-,0+
Cycle=282;Copy_count=0.144205495096;Length=178528;IsCyclicPath=True;CycleClass=Invalid;Segments=396+,401-,399-
Cycle=283;Copy_count=0.137652802319;Length=68609;IsCyclicPath=True;CycleClass=Invalid;Segments=737-,736+
Cycle=284;Copy_count=0.137141633173;Length=405;IsCyclicPath=True;CycleClass=Invalid;Segments=1416-,1419+
Cycle=285;Copy_count=0.137055435497;Length=94847;IsCyclicPath=True;CycleClass=Invalid;Segments=480-,479+
Cycle=286;Copy_count=0.343313974495;Length=166507;IsCyclicPath=True;CycleClass=Invalid;Segments=474-,476+
Cycle=287;Copy_count=0.136300632566;Length=112544;IsCyclicPath=True;CycleClass=Invalid;Segments=53-,54+
Cycle=288;Copy_count=0.135735338808;Length=11805;IsCyclicPath=True;CycleClass=Invalid;Segments=1848+,1850-
Cycle=289;Copy_count=0.169472671784;Length=7480513;IsCyclicPath=False;CycleClass=Invalid;Segments=0+,1671-,1650+,1625-,1620+,1483-,1467+,406-,388-,0+
Cycle=290;Copy_count=0.135433909295;Length=135592;IsCyclicPath=True;CycleClass=Invalid;Segments=308+,321-
Cycle=291;Copy_count=0.133161291319;Length=8147;IsCyclicPath=True;CycleClass=Invalid;Segments=1194+,1196-
Cycle=292;Copy_count=0.130862764129;Length=485204;IsCyclicPath=True;CycleClass=Invalid;Segments=407-,408+
Cycle=293;Copy_count=0.130788854304;Length=4680;IsCyclicPath=False;CycleClass=Invalid;Segments=0+,2+,1-,0+
Cycle=294;Copy_count=0.128466895493;Length=31387;IsCyclicPath=True;CycleClass=Invalid;Segments=233+,239-
Cycle=295;Copy_count=0.12827229781;Length=30892;IsCyclicPath=True;CycleClass=Invalid;Segments=873+,875-
Cycle=296;Copy_count=0.128226667707;Length=29404;IsCyclicPath=True;CycleClass=Invalid;Segments=1398-,1400+
Cycle=297;Copy_count=0.127983813721;Length=25613;IsCyclicPath=True;CycleClass=Invalid;Segments=1026-,1027+
Cycle=298;Copy_count=0.12786878622;Length=148790;IsCyclicPath=True;CycleClass=Invalid;Segments=1752+,1753-
Cycle=299;Copy_count=0.127627463616;Length=48534;IsCyclicPath=True;CycleClass=Invalid;Segments=1087+,1091-
Cycle=300;Copy_count=0.127521894533;Length=4869;IsCyclicPath=True;CycleClass=Invalid;Segments=804+,808-
Cycle=301;Copy_count=0.127376401353;Length=640956;IsCyclicPath=True;CycleClass=Invalid;Segments=1895-,1894+
Cycle=302;Copy_count=0.126530993026;Length=76722;IsCyclicPath=True;CycleClass=Invalid;Segments=1363-,1362+
Cycle=303;Copy_count=0.330098455527;Length=131345;IsCyclicPath=True;CycleClass=Invalid;Segments=1353+,1359-
Cycle=304;Copy_count=0.126213472239;Length=17424;IsCyclicPath=True;CycleClass=Invalid;Segments=650-,653+
Cycle=305;Copy_count=0.123852375979;Length=3014;IsCyclicPath=True;CycleClass=Invalid;Segments=974+,978-
Cycle=306;Copy_count=0.123351741135;Length=1803;IsCyclicPath=True;CycleClass=Invalid;Segments=1258+,1259-
Cycle=307;Copy_count=0.122471847736;Length=5829;IsCyclicPath=True;CycleClass=Invalid;Segments=58+,60-
Cycle=308;Copy_count=0.118801343884;Length=3104;IsCyclicPath=True;CycleClass=Invalid;Segments=852-,855+
Cycle=309;Copy_count=0.118466607075;Length=4380;IsCyclicPath=True;CycleClass=Invalid;Segments=770+,776-
Cycle=310;Copy_count=0.116749316491;Length=77237;IsCyclicPath=True;CycleClass=Invalid;Segments=486-,488+
Cycle=311;Copy_count=0.115592952063;Length=11599;IsCyclicPath=True;CycleClass=Invalid;Segments=1517-,1516+
Cycle=312;Copy_count=0.114379576443;Length=1005;IsCyclicPath=True;CycleClass=Invalid;Segments=1430-,1432+
Cycle=313;Copy_count=0.113875238573;Length=4387;IsCyclicPath=True;CycleClass=Invalid;Segments=994-,997+
Cycle=314;Copy_count=0.111900635925;Length=87495;IsCyclicPath=True;CycleClass=Invalid;Segments=660+,664-
Cycle=315;Copy_count=0.111488024665;Length=1628338;IsCyclicPath=False;CycleClass=Invalid;Segments=0+,6-,603+,19-,0+
Cycle=316;Copy_count=0.111404577994;Length=5919;IsCyclicPath=True;CycleClass=Invalid;Segments=1348+,1350-
Cycle=317;Copy_count=0.111316080748;Length=139421;IsCyclicPath=True;CycleClass=Invalid;Segments=719-,728+
Cycle=318;Copy_count=0.11047433051;Length=12783;IsCyclicPath=True;CycleClass=Invalid;Segments=715-,724+
Cycle=319;Copy_count=0.109616262573;Length=18598;IsCyclicPath=True;CycleClass=Invalid;Segments=642-,643+
Cycle=320;Copy_count=0.108856556988;Length=64338;IsCyclicPath=True;CycleClass=Invalid;Segments=995+,998-
Cycle=321;Copy_count=0.108503638978;Length=1008;IsCyclicPath=True;CycleClass=Invalid;Segments=608-,609+
Cycle=322;Copy_count=0.108250692362;Length=49012;IsCyclicPath=True;CycleClass=Invalid;Segments=215+,217-
Cycle=323;Copy_count=0.108000178691;Length=252065;IsCyclicPath=True;CycleClass=Invalid;Segments=1744+,1745-
Cycle=324;Copy_count=0.107557492064;Length=122035;IsCyclicPath=True;CycleClass=Invalid;Segments=564+,568-
Cycle=325;Copy_count=0.106215849605;Length=36929;IsCyclicPath=True;CycleClass=Invalid;Segments=1765-,1767+
Cycle=326;Copy_count=0.105807993598;Length=79567;IsCyclicPath=True;CycleClass=Invalid;Segments=1616-,1615+
Cycle=327;Copy_count=0.105532907566;Length=87079;IsCyclicPath=True;CycleClass=Invalid;Segments=1361-,1360+
Cycle=328;Copy_count=0.292589904825;Length=126641;IsCyclicPath=True;CycleClass=Invalid;Segments=1357-,1356+
Cycle=329;Copy_count=0.200042244775;Length=134925;IsCyclicPath=True;CycleClass=Invalid;Segments=1355-,1354+
Cycle=330;Copy_count=0.10544737144;Length=179717;IsCyclicPath=True;CycleClass=Invalid;Segments=720-,729+
Cycle=331;Copy_count=0.105149864384;Length=9048;IsCyclicPath=True;CycleClass=Invalid;Segments=497-,495+
Cycle=332;Copy_count=0.102794004749;Length=85658;IsCyclicPath=True;CycleClass=Invalid;Segments=1884+,1890-
Cycle=333;Copy_count=0.102716267276;Length=96314;IsCyclicPath=True;CycleClass=Invalid;Segments=352+,358-
Cycle=334;Copy_count=0.102716267276;Length=83978;IsCyclicPath=True;CycleClass=Invalid;Segments=350+,357-
Cycle=335;Copy_count=0.10267789603;Length=24165;IsCyclicPath=False;CycleClass=Invalid;Segments=0+,1996-,1995+,0+
Cycle=336;Copy_count=0.102571447475;Length=26339;IsCyclicPath=True;CycleClass=Invalid;Segments=1806+,1812-
Cycle=337;Copy_count=0.101433116793;Length=14564;IsCyclicPath=False;CycleClass=Invalid;Segments=0+,1988-,1985+,1987-,1988+,0+
Cycle=338;Copy_count=0.101306317047;Length=3302;IsCyclicPath=True;CycleClass=Invalid;Segments=1463-,1462+
Cycle=339;Copy_count=0.101240165979;Length=34132;IsCyclicPath=True;CycleClass=Invalid;Segments=818-,820+
Cycle=340;Copy_count=0.100419514373;Length=6825;IsCyclicPath=True;CycleClass=Invalid;Segments=1195+,1197-
Cycle=341;Copy_count=0.144560582746;Length=40560;IsCyclicPath=True;CycleClass=Invalid;Segments=1186+,1191-
Cycle=342;Copy_count=0.0985236055896;Length=18449;IsCyclicPath=True;CycleClass=Invalid;Segments=1567-,1565+
Cycle=343;Copy_count=0.0980600695804;Length=27332;IsCyclicPath=True;CycleClass=Invalid;Segments=1110-,1113+
Cycle=344;Copy_count=0.0964136325941;Length=63005;IsCyclicPath=True;CycleClass=Invalid;Segments=145+,170-
Cycle=345;Copy_count=0.0961126313846;Length=128927;IsCyclicPath=True;CycleClass=Invalid;Segments=717-,726+
Cycle=346;Copy_count=0.0955674350677;Length=3670;IsCyclicPath=True;CycleClass=Invalid;Segments=228-,235+
Cycle=347;Copy_count=0.0950862406383;Length=6972;IsCyclicPath=True;CycleClass=Invalid;Segments=1840-,1842+
Cycle=348;Copy_count=0.0943519698959;Length=6090;IsCyclicPath=True;CycleClass=Invalid;Segments=1411-,1410+
Cycle=349;Copy_count=0.0941116616907;Length=8743;IsCyclicPath=True;CycleClass=Invalid;Segments=871-,870+
Cycle=350;Copy_count=0.0922020097799;Length=13919;IsCyclicPath=True;CycleClass=Invalid;Segments=293+,295-
Cycle=351;Copy_count=0.0920544209308;Length=257577;IsCyclicPath=True;CycleClass=Invalid;Segments=1940-,1939+
Cycle=352;Copy_count=0.0915807367068;Length=978;IsCyclicPath=True;CycleClass=Invalid;Segments=744-,745+
Cycle=353;Copy_count=0.0909569752583;Length=50968;IsCyclicPath=True;CycleClass=Invalid;Segments=1262+,1271-
Cycle=354;Copy_count=0.0891732922826;Length=12093;IsCyclicPath=False;CycleClass=Invalid;Segments=0+,1963-,0+
Cycle=355;Copy_count=0.0889653436703;Length=22410;IsCyclicPath=True;CycleClass=Invalid;Segments=230-,237+
Cycle=356;Copy_count=0.0888204467607;Length=36519;IsCyclicPath=True;CycleClass=Invalid;Segments=976+,980-
Cycle=357;Copy_count=0.0877780058067;Length=127427;IsCyclicPath=True;CycleClass=Invalid;Segments=1834+,1837-
Cycle=358;Copy_count=0.0872409403985;Length=77153;IsCyclicPath=True;CycleClass=Invalid;Segments=876-,877+
Cycle=359;Copy_count=0.0869228662996;Length=55100;IsCyclicPath=True;CycleClass=Invalid;Segments=1043+,1047-
Cycle=360;Copy_count=0.0867698162077;Length=6088;IsCyclicPath=True;CycleClass=Invalid;Segments=1484-,1492+
Cycle=361;Copy_count=0.0859557144204;Length=296395;IsCyclicPath=True;CycleClass=Invalid;Segments=1795-,1800+
Cycle=362;Copy_count=0.0857124090542;Length=61534;IsCyclicPath=True;CycleClass=Invalid;Segments=221+,222-
Cycle=363;Copy_count=0.891995453134;Length=108304;IsCyclicPath=True;CycleClass=Rearranged;Segments=216+,218-
Cycle=364;Copy_count=0.084737758302;Length=591605;IsCyclicPath=True;CycleClass=Invalid;Segments=1896+,1897-
Cycle=365;Copy_count=0.0846423728156;Length=1682;IsCyclicPath=True;CycleClass=Invalid;Segments=299+,300-
Cycle=366;Copy_count=0.0844350319051;Length=3250;IsCyclicPath=True;CycleClass=Invalid;Segments=747-,746+
Cycle=367;Copy_count=0.0844183278424;Length=91438;IsCyclicPath=True;CycleClass=Invalid;Segments=853+,856-
Cycle=368;Copy_count=0.0832480731813;Length=66500;IsCyclicPath=True;CycleClass=Invalid;Segments=1549+,1551-
Cycle=369;Copy_count=0.0830235814715;Length=2722;IsCyclicPath=False;CycleClass=Invalid;Segments=0+,1973+,1974-,0+
Cycle=370;Copy_count=0.0819118224183;Length=371602;IsCyclicPath=True;CycleClass=Invalid;Segments=409-,410+
Cycle=371;Copy_count=0.0810506875695;Length=169189;IsCyclicPath=True;CycleClass=Invalid;Segments=1609+,1610-
Cycle=372;Copy_count=0.0807230199458;Length=256266;IsCyclicPath=True;CycleClass=Invalid;Segments=1742+,1743-
Cycle=373;Copy_count=0.0805781287966;Length=67618;IsCyclicPath=True;CycleClass=Invalid;Segments=1200+,1207-
Cycle=374;Copy_count=0.0805663512428;Length=93097;IsCyclicPath=True;CycleClass=Invalid;Segments=1968-,1965+,654-,651+
Cycle=375;Copy_count=0.0798826534565;Length=4600;IsCyclicPath=True;CycleClass=Invalid;Segments=992+,993-
Cycle=376;Copy_count=0.0788103128022;Length=322864;IsCyclicPath=True;CycleClass=Invalid;Segments=1888-,1886+
Cycle=377;Copy_count=0.0786004635876;Length=7449;IsCyclicPath=True;CycleClass=Invalid;Segments=1712+,1723-
Cycle=378;Copy_count=0.0777009829342;Length=87182;IsCyclicPath=True;CycleClass=Invalid;Segments=639-,638+
Cycle=379;Copy_count=0.0776345343715;Length=23792;IsCyclicPath=True;CycleClass=Invalid;Segments=1594-,1597+
Cycle=380;Copy_count=0.0774847089985;Length=186317;IsCyclicPath=True;CycleClass=Invalid;Segments=392+,394-
Cycle=381;Copy_count=0.16664803891;Length=646315;IsCyclicPath=True;CycleClass=Invalid;Segments=383-,380+
Cycle=382;Copy_count=0.124533089602;Length=266517;IsCyclicPath=True;CycleClass=Invalid;Segments=379+,382-
Cycle=383;Copy_count=0.076409706545;Length=41727;IsCyclicPath=True;CycleClass=Invalid;Segments=1115+,1117-
Cycle=384;Copy_count=0.0751503649027;Length=16769;IsCyclicPath=True;CycleClass=Invalid;Segments=1405-,1407+
Cycle=385;Copy_count=0.197304084105;Length=58702;IsCyclicPath=True;CycleClass=Invalid;Segments=1378-,1380+
Cycle=386;Copy_count=0.0744247749965;Length=9818;IsCyclicPath=True;CycleClass=Invalid;Segments=294+,298-
Cycle=387;Copy_count=0.0743190968163;Length=19209;IsCyclicPath=True;CycleClass=Invalid;Segments=1603+,1605-
Cycle=388;Copy_count=0.0739936318228;Length=131295;IsCyclicPath=True;CycleClass=Invalid;Segments=718-,727+
Cycle=389;Copy_count=0.0733793140504;Length=48196;IsCyclicPath=True;CycleClass=Invalid;Segments=507+,509-
Cycle=390;Copy_count=0.071608958191;Length=130887;IsCyclicPath=True;CycleClass=Invalid;Segments=263+,269-
Cycle=391;Copy_count=0.071608958191;Length=149852;IsCyclicPath=True;CycleClass=Invalid;Segments=252+,257-
Cycle=392;Copy_count=0.0713970783621;Length=3029;IsCyclicPath=True;CycleClass=Invalid;Segments=1016-,1018+
Cycle=393;Copy_count=0.0712473131524;Length=144002;IsCyclicPath=True;CycleClass=Invalid;Segments=587+,590-
Cycle=394;Copy_count=0.0710362273329;Length=10880;IsCyclicPath=True;CycleClass=Invalid;Segments=1856-,1862+
Cycle=395;Copy_count=0.0705763485215;Length=8640;IsCyclicPath=True;CycleClass=Invalid;Segments=249-,255+
Cycle=396;Copy_count=0.0705076700392;Length=606923;IsCyclicPath=True;CycleClass=Invalid;Segments=381+,384-
Cycle=397;Copy_count=0.0704027896486;Length=51434;IsCyclicPath=True;CycleClass=Invalid;Segments=1913+,1921-
Cycle=398;Copy_count=0.0702399089749;Length=32850;IsCyclicPath=True;CycleClass=Invalid;Segments=881+,895-
Cycle=399;Copy_count=0.0702399089749;Length=21335;IsCyclicPath=True;CycleClass=Invalid;Segments=898-,901+
Cycle=400;Copy_count=0.070129487786;Length=44007;IsCyclicPath=True;CycleClass=Invalid;Segments=40+,43-
Cycle=401;Copy_count=0.0693119979309;Length=492554;IsCyclicPath=False;CycleClass=Invalid;Segments=0+,1956-,1957+,0+
Cycle=402;Copy_count=0.0685355604253;Length=75793;IsCyclicPath=True;CycleClass=Invalid;Segments=1738+,1740-
Cycle=403;Copy_count=0.0668053082618;Length=610090;IsCyclicPath=True;CycleClass=Invalid;Segments=378+,386-
Cycle=404;Copy_count=0.0656664245758;Length=24114;IsCyclicPath=True;CycleClass=Invalid;Segments=789+,791-
Cycle=405;Copy_count=0.0653092755574;Length=3692;IsCyclicPath=True;CycleClass=Invalid;Segments=1227+,1233-
Cycle=406;Copy_count=0.0652103232084;Length=2349;IsCyclicPath=True;CycleClass=Invalid;Segments=1588-,1591+
Cycle=407;Copy_count=0.0643473243644;Length=11755;IsCyclicPath=True;CycleClass=Invalid;Segments=1847-,1846+
Cycle=408;Copy_count=0.0633388798169;Length=3115;IsCyclicPath=True;CycleClass=Invalid;Segments=1768+,1775-
Cycle=409;Copy_count=0.0628893386928;Length=42351;IsCyclicPath=True;CycleClass=Invalid;Segments=225+,242-
Cycle=410;Copy_count=0.0627259307783;Length=11795;IsCyclicPath=True;CycleClass=Invalid;Segments=1050+,1054-
Cycle=411;Copy_count=0.062489047534;Length=11807;IsCyclicPath=False;CycleClass=Invalid;Segments=0+,1975+,1976-,0+
Cycle=412;Copy_count=0.0616841517435;Length=1072177;IsCyclicPath=True;CycleClass=Invalid;Segments=1874-,1876+
Cycle=413;Copy_count=0.0614538163077;Length=15838;IsCyclicPath=True;CycleClass=Invalid;Segments=1175+,1180-
Cycle=414;Copy_count=0.0614051267966;Length=149292;IsCyclicPath=True;CycleClass=Invalid;Segments=616+,622-
Cycle=415;Copy_count=0.0607726718196;Length=36806;IsCyclicPath=True;CycleClass=Invalid;Segments=481+,483-
Cycle=416;Copy_count=0.0597732435445;Length=10363;IsCyclicPath=True;CycleClass=Invalid;Segments=1170+,1171-
Cycle=417;Copy_count=0.0597281226515;Length=30044;IsCyclicPath=True;CycleClass=Invalid;Segments=1552+,1553-
Cycle=418;Copy_count=0.0713160056958;Length=144530;IsCyclicPath=True;CycleClass=Invalid;Segments=1525+,1530-
Cycle=419;Copy_count=0.0713160056958;Length=129900;IsCyclicPath=True;CycleClass=Invalid;Segments=1540-,1535+
Cycle=420;Copy_count=0.0713160056958;Length=156306;IsCyclicPath=True;CycleClass=Invalid;Segments=1532-,1527+
Cycle=421;Copy_count=0.0713160056958;Length=141676;IsCyclicPath=True;CycleClass=Invalid;Segments=1541-,1536+
Cycle=422;Copy_count=0.0713160056958;Length=166342;IsCyclicPath=True;CycleClass=Invalid;Segments=1518-,1520+
Cycle=423;Copy_count=0.0713160056958;Length=159402;IsCyclicPath=True;CycleClass=Invalid;Segments=1526+,1533-
Cycle=424;Copy_count=0.0713160056958;Length=162338;IsCyclicPath=True;CycleClass=Invalid;Segments=1538+,1542-
Cycle=425;Copy_count=0.0713160056958;Length=134243;IsCyclicPath=True;CycleClass=Invalid;Segments=1545+,1547-
Cycle=426;Copy_count=0.0713160056958;Length=106652;IsCyclicPath=True;CycleClass=Invalid;Segments=1550-,1548+
Cycle=427;Copy_count=0.0990784740074;Length=279334;IsCyclicPath=True;CycleClass=Invalid;Segments=1521-,1519+
Cycle=428;Copy_count=0.0674082906957;Length=144530;IsCyclicPath=True;CycleClass=Invalid;Segments=1524+,1531-
Cycle=429;Copy_count=0.0651934682562;Length=162338;IsCyclicPath=True;CycleClass=Invalid;Segments=1537+,1543-
Cycle=430;Copy_count=0.059408949386;Length=24535;IsCyclicPath=True;CycleClass=Invalid;Segments=231+,238-
Cycle=431;Copy_count=0.0592503631606;Length=16914;IsCyclicPath=True;CycleClass=Invalid;Segments=1228+,1234-
Cycle=432;Copy_count=0.0587201928464;Length=1067837;IsCyclicPath=True;CycleClass=Invalid;Segments=1935+,1936-
Cycle=433;Copy_count=0.0586419526665;Length=3405;IsCyclicPath=True;CycleClass=Invalid;Segments=77-,75+
Cycle=434;Copy_count=0.0584327557402;Length=40891;IsCyclicPath=True;CycleClass=Invalid;Segments=277-,278+
Cycle=435;Copy_count=0.0583339435146;Length=51381;IsCyclicPath=True;CycleClass=Invalid;Segments=1130-,1135+
Cycle=436;Copy_count=0.0582679158664;Length=16721;IsCyclicPath=True;CycleClass=Invalid;Segments=27+,30-
Cycle=437;Copy_count=0.0580255514846;Length=123103;IsCyclicPath=True;CycleClass=Invalid;Segments=473+,475-
Cycle=438;Copy_count=0.0657667984332;Length=166926;IsCyclicPath=True;CycleClass=Invalid;Segments=424+,439-
Cycle=439;Copy_count=0.0577585951551;Length=27415;IsCyclicPath=True;CycleClass=Invalid;Segments=1698-,1706+
Cycle=440;Copy_count=0.0570648331206;Length=69265;IsCyclicPath=True;CycleClass=Invalid;Segments=1942-,1941+
Cycle=441;Copy_count=0.0569041127307;Length=47195;IsCyclicPath=True;CycleClass=Invalid;Segments=349+,355-
Cycle=442;Copy_count=0.055310021537;Length=39792;IsCyclicPath=True;CycleClass=Invalid;Segments=1844-,1845+
Cycle=443;Copy_count=0.055274957218;Length=2842;IsCyclicPath=True;CycleClass=Invalid;Segments=1254+,1255-
Cycle=444;Copy_count=0.0545950096807;Length=8880;IsCyclicPath=True;CycleClass=Invalid;Segments=1434-,1437+
Cycle=445;Copy_count=0.0545914163028;Length=9647;IsCyclicPath=True;CycleClass=Invalid;Segments=1766-,1764+
Cycle=446;Copy_count=0.0540385660065;Length=45383;IsCyclicPath=True;CycleClass=Invalid;Segments=1023-,1031+
Cycle=447;Copy_count=0.0527440376186;Length=2307;IsCyclicPath=False;CycleClass=Invalid;Segments=0+,5-,4+,0+
Cycle=448;Copy_count=0.052720670305;Length=2857;IsCyclicPath=False;CycleClass=Invalid;Segments=0+,1971-,1972+,0+
Cycle=449;Copy_count=0.0524750106267;Length=76202;IsCyclicPath=True;CycleClass=Invalid;Segments=1326+,1327-
Cycle=450;Copy_count=0.111493837694;Length=116165;IsCyclicPath=True;CycleClass=Invalid;Segments=1321-,1320+
Cycle=451;Copy_count=0.10435581611;Length=153686;IsCyclicPath=True;CycleClass=Invalid;Segments=1312+,1316-
Cycle=452;Copy_count=0.0694849298195;Length=159198;IsCyclicPath=True;CycleClass=Invalid;Segments=1313+,1317-
Cycle=453;Copy_count=0.0521441134374;Length=3541;IsCyclicPath=True;CycleClass=Invalid;Segments=62+,67-
Cycle=454;Copy_count=0.0516159602152;Length=14422;IsCyclicPath=True;CycleClass=Invalid;Segments=245-,247+
Cycle=455;Copy_count=0.0514853032172;Length=170257;IsCyclicPath=True;CycleClass=Invalid;Segments=425+,440-
Cycle=456;Copy_count=0.0510304621455;Length=20852;IsCyclicPath=True;CycleClass=Invalid;Segments=1382+,1390-
Cycle=457;Copy_count=0.0499375132551;Length=123406;IsCyclicPath=True;CycleClass=Invalid;Segments=1311+,1315-
Cycle=458;Copy_count=0.0495346025359;Length=4780;IsCyclicPath=True;CycleClass=Invalid;Segments=1198-,1204+
Cycle=459;Copy_count=0.0495130017782;Length=15785;IsCyclicPath=True;CycleClass=Invalid;Segments=29-,28+
Cycle=460;Copy_count=0.0990720265458;Length=89322;IsCyclicPath=False;CycleClass=Invalid;Segments=0+,12+,13-,0+
Cycle=461;Copy_count=0.0492244939868;Length=3425;IsCyclicPath=True;CycleClass=Invalid;Segments=1500-,1501+
Cycle=462;Copy_count=0.0491861847376;Length=124604;IsCyclicPath=True;CycleClass=Invalid;Segments=640+,641-
Cycle=463;Copy_count=0.353255069453;Length=261716;IsCyclicPath=True;CycleClass=Invalid;Segments=611+,625-
Cycle=464;Copy_count=0.230244768888;Length=193429;IsCyclicPath=True;CycleClass=Invalid;Segments=626+,627-
Cycle=465;Copy_count=0.0489730564303;Length=31125;IsCyclicPath=True;CycleClass=Invalid;Segments=1285+,1291-
Cycle=466;Copy_count=0.04812084209;Length=45927;IsCyclicPath=True;CycleClass=Invalid;Segments=413-,414+
Cycle=467;Copy_count=0.0479153065302;Length=3352;IsCyclicPath=True;CycleClass=Invalid;Segments=1618-,1617+
Cycle=468;Copy_count=0.0476641588983;Length=130541;IsCyclicPath=True;CycleClass=Invalid;Segments=1614-,1613+
Cycle=469;Copy_count=0.0476543746775;Length=15783;IsCyclicPath=True;CycleClass=Invalid;Segments=1051+,1055-
Cycle=470;Copy_count=0.0473384235652;Length=13746;IsCyclicPath=True;CycleClass=Invalid;Segments=1011-,1009+
Cycle=471;Copy_count=0.0464417521284;Length=4420;IsCyclicPath=True;CycleClass=Invalid;Segments=612-,619+
Cycle=472;Copy_count=0.0461229344625;Length=13597;IsCyclicPath=True;CycleClass=Invalid;Segments=1696-,1704+
Cycle=473;Copy_count=0.0460749015824;Length=36364;IsCyclicPath=True;CycleClass=Invalid;Segments=37+,45-
Cycle=474;Copy_count=0.0459285795167;Length=89606;IsCyclicPath=True;CycleClass=Invalid;Segments=1306+,1308-
Cycle=475;Copy_count=0.071142239914;Length=160970;IsCyclicPath=True;CycleClass=Invalid;Segments=1294+,1301-
Cycle=476;Copy_count=0.0458885626243;Length=8679;IsCyclicPath=True;CycleClass=Invalid;Segments=924+,926-
Cycle=477;Copy_count=0.0614974813592;Length=19612;IsCyclicPath=True;CycleClass=Invalid;Segments=916+,920-
Cycle=478;Copy_count=0.0454233128718;Length=66448;IsCyclicPath=True;CycleClass=Invalid;Segments=1787-,1786+
Cycle=479;Copy_count=0.629464868513;Length=331757;IsCyclicPath=True;CycleClass=Invalid;Segments=1773-,1780+
Cycle=480;Copy_count=0.044896672901;Length=54111;IsCyclicPath=True;CycleClass=Invalid;Segments=490+,492-
Cycle=481;Copy_count=0.0553800664815;Length=69921;IsCyclicPath=True;CycleClass=Invalid;Segments=482+,484-
Cycle=482;Copy_count=0.0445143274181;Length=111711;IsCyclicPath=True;CycleClass=Invalid;Segments=1929+,1930-
Cycle=483;Copy_count=0.137320656589;Length=2070964;IsCyclicPath=True;CycleClass=Invalid;Segments=1917-,1925+
Cycle=484;Copy_count=0.116689333673;Length=319063;IsCyclicPath=True;CycleClass=Invalid;Segments=1914+,1922-
Cycle=485;Copy_count=0.0812597715433;Length=960628;IsCyclicPath=True;CycleClass=Invalid;Segments=1915+,1923-
Cycle=486;Copy_count=0.0589431128992;Length=2566911;IsCyclicPath=True;CycleClass=Invalid;Segments=1919+,1927-
Cycle=487;Copy_count=0.0465583175445;Length=2222687;IsCyclicPath=True;CycleClass=Invalid;Segments=1984-,1982+,1926-,1918+
Cycle=488;Copy_count=0.118622777731;Length=2680466;IsCyclicPath=False;CycleClass=Invalid;Segments=0+,1988-,1986+,1918-,1928+,0+
Cycle=489;Copy_count=0.0444086396109;Length=16780;IsCyclicPath=True;CycleClass=Invalid;Segments=291+,296-
Cycle=490;Copy_count=0.0442036364925;Length=194648;IsCyclicPath=True;CycleClass=Invalid;Segments=1771+,1778-
Cycle=491;Copy_count=0.0434709057074;Length=31882;IsCyclicPath=True;CycleClass=Invalid;Segments=1286+,1288-
Cycle=492;Copy_count=0.247043864273;Length=96977;IsCyclicPath=True;CycleClass=Invalid;Segments=1278+,1281-
Cycle=493;Copy_count=0.0633383289596;Length=77826;IsCyclicPath=True;CycleClass=Invalid;Segments=1263+,1272-
Cycle=494;Copy_count=0.0432281894913;Length=35071;IsCyclicPath=True;CycleClass=Invalid;Segments=305-,318+
Cycle=495;Copy_count=0.0428598215174;Length=93052;IsCyclicPath=True;CycleClass=Invalid;Segments=984+,986-
Cycle=496;Copy_count=0.0427345328684;Length=28826;IsCyclicPath=True;CycleClass=Invalid;Segments=787+,790-
Cycle=497;Copy_count=0.0421162037721;Length=5891;IsCyclicPath=True;CycleClass=Invalid;Segments=940+,942-
Cycle=498;Copy_count=0.041915877698;Length=8505;IsCyclicPath=True;CycleClass=Invalid;Segments=205+,206-
Cycle=499;Copy_count=0.0418457661639;Length=7144;IsCyclicPath=True;CycleClass=Invalid;Segments=1651-,1661+
Cycle=500;Copy_count=0.0417588083242;Length=74028;IsCyclicPath=True;CycleClass=Invalid;Segments=1444+,1451-
Cycle=501;Copy_count=0.0414651688195;Length=44149;IsCyclicPath=True;CycleClass=Invalid;Segments=1140-,1139+
Cycle=502;Copy_count=0.0413578046643;Length=7581;IsCyclicPath=True;CycleClass=Invalid;Segments=975+,979-
Cycle=503;Copy_count=0.0409788517554;Length=25013;IsCyclicPath=True;CycleClass=Invalid;Segments=647-,646+
Cycle=504;Copy_count=0.0401334434579;Length=69812;IsCyclicPath=True;CycleClass=Invalid;Segments=220-,219+
Cycle=505;Copy_count=0.0986370237756;Length=115800;IsCyclicPath=True;CycleClass=Invalid;Segments=212+,214-
Cycle=506;Copy_count=0.0710322396331;Length=118769;IsCyclicPath=True;CycleClass=Invalid;Segments=209+,210-
Cycle=507;Copy_count=0.0631971610982;Length=120213;IsCyclicPath=True;CycleClass=Invalid;Segments=207-,208+
Cycle=508;Copy_count=0.0390909596403;Length=36765;IsCyclicPath=True;CycleClass=Invalid;Segments=701-,700+
Cycle=509;Copy_count=0.0383452420251;Length=82737;IsCyclicPath=True;CycleClass=Invalid;Segments=306+,319-
Cycle=510;Copy_count=0.0376754707692;Length=204330;IsCyclicPath=True;CycleClass=Invalid;Segments=630+,633-
Cycle=511;Copy_count=0.0376754707692;Length=177868;IsCyclicPath=True;CycleClass=Invalid;Segments=635+,637-
Cycle=512;Copy_count=0.0375980628384;Length=58141;IsCyclicPath=True;CycleClass=Invalid;Segments=1599-,1596+
Cycle=513;Copy_count=0.0375980628384;Length=54100;IsCyclicPath=True;CycleClass=Invalid;Segments=1601-,1600+
Cycle=514;Copy_count=0.0375980628384;Length=72273;IsCyclicPath=True;CycleClass=Invalid;Segments=1592-,1589+
Cycle=515;Copy_count=0.0375980628384;Length=45375;IsCyclicPath=True;CycleClass=Invalid;Segments=1604-,1602+
Cycle=516;Copy_count=0.0645821961837;Length=98384;IsCyclicPath=True;CycleClass=Invalid;Segments=1590+,1593-
Cycle=517;Copy_count=0.0369423879114;Length=62596;IsCyclicPath=True;CycleClass=Invalid;Segments=1206-,1201+
Cycle=518;Copy_count=0.0368951983764;Length=7950;IsCyclicPath=True;CycleClass=Invalid;Segments=1174+,1179-
Cycle=519;Copy_count=0.0368155224042;Length=186914;IsCyclicPath=True;CycleClass=Invalid;Segments=591+,593-
Cycle=520;Copy_count=0.0367809059244;Length=9456;IsCyclicPath=True;CycleClass=Invalid;Segments=250+,254-
Cycle=521;Copy_count=0.0364495749464;Length=7354;IsCyclicPath=True;CycleClass=Invalid;Segments=613+,618-
Cycle=522;Copy_count=0.0359356761502;Length=81670;IsCyclicPath=True;CycleClass=Invalid;Segments=1746+,1747-
Cycle=523;Copy_count=0.0354168482919;Length=19928;IsCyclicPath=True;CycleClass=Invalid;Segments=1697-,1705+
Cycle=524;Copy_count=0.0341587760886;Length=111642;IsCyclicPath=True;CycleClass=Invalid;Segments=262-,268+
Cycle=525;Copy_count=0.0335806988797;Length=1476638;IsCyclicPath=True;CycleClass=Invalid;Segments=1861-,1867+
Cycle=526;Copy_count=0.0332263498335;Length=3356;IsCyclicPath=False;CycleClass=Invalid;Segments=0+,1998-,1997+,0+
Cycle=527;Copy_count=0.0330321516584;Length=11381;IsCyclicPath=True;CycleClass=Invalid;Segments=127-,119+
Cycle=528;Copy_count=0.0328652108879;Length=203483;IsCyclicPath=True;CycleClass=Invalid;Segments=1906-,1909+
Cycle=529;Copy_count=0.0328383291676;Length=156706;IsCyclicPath=True;CycleClass=Invalid;Segments=634+,636-
Cycle=530;Copy_count=0.0325024824497;Length=148562;IsCyclicPath=True;CycleClass=Invalid;Segments=958+,965-
Cycle=531;Copy_count=0.0323937422439;Length=35772;IsCyclicPath=True;CycleClass=Invalid;Segments=1185+,1188-
Cycle=532;Copy_count=0.0320064152792;Length=347240;IsCyclicPath=True;CycleClass=Invalid;Segments=1858+,1864-
Cycle=533;Copy_count=0.031390366937;Length=41109;IsCyclicPath=True;CycleClass=Invalid;Segments=39+,42-
Cycle=534;Copy_count=0.0305359499895;Length=32960;IsCyclicPath=True;CycleClass=Invalid;Segments=1598-,1595+
Cycle=535;Copy_count=0.03019140405;Length=262413;IsCyclicPath=False;CycleClass=Invalid;Segments=0+,1946-,1989-,0+
Cycle=536;Copy_count=0.115107070541;Length=2730947;IsCyclicPath=False;CycleClass=Invalid;Segments=0+,1911-,1908+,1979-,0+
Cycle=537;Copy_count=0.0300383691991;Length=16004;IsCyclicPath=True;CycleClass=Invalid;Segments=1626+,1630-
Cycle=538;Copy_count=0.0295929853216;Length=84655;IsCyclicPath=True;CycleClass=Invalid;Segments=1693+,1694-
Cycle=539;Copy_count=0.0293960298909;Length=1359302;IsCyclicPath=True;CycleClass=Invalid;Segments=1870+,1873-
Cycle=540;Copy_count=0.0293350606092;Length=622931;IsCyclicPath=False;CycleClass=Invalid;Segments=0+,390+,389-,0+
Cycle=541;Copy_count=0.0292322312207;Length=119838;IsCyclicPath=True;CycleClass=Invalid;Segments=686+,687-
Cycle=542;Copy_count=0.0291988501033;Length=145017;IsCyclicPath=True;CycleClass=Invalid;Segments=1351-,1349+
Cycle=543;Copy_count=0.104061924831;Length=169655;IsCyclicPath=True;CycleClass=Invalid;Segments=1341-,1344+
Cycle=544;Copy_count=0.0442194200701;Length=311327;IsCyclicPath=True;CycleClass=Invalid;Segments=1319-,1318+
Cycle=545;Copy_count=0.0286623443062;Length=38567;IsCyclicPath=True;CycleClass=Invalid;Segments=260-,266+
Cycle=546;Copy_count=0.0285611395715;Length=36041;IsCyclicPath=True;CycleClass=Invalid;Segments=1652-,1662+
Cycle=547;Copy_count=0.0281636313701;Length=13013;IsCyclicPath=True;CycleClass=Invalid;Segments=760+,759-,748+,749-
Cycle=548;Copy_count=0.0280967210442;Length=41649;IsCyclicPath=True;CycleClass=Invalid;Segments=1022+,1030-
Cycle=549;Copy_count=0.0280781411178;Length=5715;IsCyclicPath=True;CycleClass=Invalid;Segments=1013-,1012+
Cycle=550;Copy_count=0.0280284905079;Length=65528;IsCyclicPath=False;CycleClass=Invalid;Segments=0+,1970-,1967+,0+
Cycle=551;Copy_count=0.0279656026682;Length=75589;IsCyclicPath=True;CycleClass=Invalid;Segments=1302+,1303-
Cycle=552;Copy_count=0.0535846115906;Length=155202;IsCyclicPath=True;CycleClass=Invalid;Segments=1298+,1300-
Cycle=553;Copy_count=0.0736921367867;Length=291461;IsCyclicPath=True;CycleClass=Invalid;Segments=1267+,1276-
Cycle=554;Copy_count=0.0533891571778;Length=273581;IsCyclicPath=True;CycleClass=Invalid;Segments=1266+,1275-
Cycle=555;Copy_count=0.0500832686632;Length=250814;IsCyclicPath=True;CycleClass=Invalid;Segments=1279+,1282-
Cycle=556;Copy_count=0.0276692688853;Length=54100;IsCyclicPath=True;CycleClass=Invalid;Segments=1601-,1600+
Cycle=557;Copy_count=0.196982795313;Length=291960;IsCyclicPath=True;CycleClass=Invalid;Segments=1578+,1581-
Cycle=558;Copy_count=0.0777180009501;Length=286183;IsCyclicPath=True;CycleClass=Invalid;Segments=1583-,1582+
Cycle=559;Copy_count=0.0273846488692;Length=96271;IsCyclicPath=True;CycleClass=Invalid;Segments=1841+,1843-
Cycle=560;Copy_count=0.0268572560632;Length=81076;IsCyclicPath=True;CycleClass=Invalid;Segments=957+,963-
Cycle=561;Copy_count=0.0268329063515;Length=78914;IsCyclicPath=True;CycleClass=Invalid;Segments=1386-,1394+
Cycle=562;Copy_count=0.0264665538368;Length=62930;IsCyclicPath=True;CycleClass=Invalid;Segments=1383-,1391+
Cycle=563;Copy_count=0.0260939736069;Length=14516;IsCyclicPath=True;CycleClass=Invalid;Segments=902+,904-
Cycle=564;Copy_count=0.0425329040446;Length=33664;IsCyclicPath=True;CycleClass=Invalid;Segments=880+,896-
Cycle=565;Copy_count=0.0425329040446;Length=38686;IsCyclicPath=True;CycleClass=Invalid;Segments=884-,887+
Cycle=566;Copy_count=0.0425329040446;Length=20800;IsCyclicPath=True;CycleClass=Invalid;Segments=899-,900+
Cycle=567;Copy_count=0.0255009593929;Length=277711;IsCyclicPath=True;CycleClass=Invalid;Segments=1585+,1587-
Cycle=568;Copy_count=0.0254963886962;Length=22186;IsCyclicPath=True;CycleClass=Invalid;Segments=600-,599+
Cycle=569;Copy_count=0.0254727606186;Length=18072;IsCyclicPath=True;CycleClass=Invalid;Segments=937-,933+
Cycle=570;Copy_count=0.0253487363634;Length=9385;IsCyclicPath=True;CycleClass=Invalid;Segments=825+,827-
Cycle=571;Copy_count=0.0815044153978;Length=54358;IsCyclicPath=True;CycleClass=Invalid;Segments=821-,819+
Cycle=572;Copy_count=0.341028405616;Length=95081;IsCyclicPath=True;CycleClass=Invalid;Segments=812+,814-
Cycle=573;Copy_count=0.0854503592574;Length=115757;IsCyclicPath=True;CycleClass=Invalid;Segments=798-,802+
Cycle=574;Copy_count=0.0246603059441;Length=21805;IsCyclicPath=True;CycleClass=Invalid;Segments=740+,741-
Cycle=575;Copy_count=0.0240211641123;Length=369907;IsCyclicPath=True;CycleClass=Invalid;Segments=1827-,1826+
Cycle=576;Copy_count=0.0239852631917;Length=76320;IsCyclicPath=True;CycleClass=Invalid;Segments=628-,631+
Cycle=577;Copy_count=0.0238444964107;Length=19645;IsCyclicPath=True;CycleClass=Invalid;Segments=935-,934+
Cycle=578;Copy_count=0.0236982353784;Length=10319;IsCyclicPath=True;CycleClass=Invalid;Segments=1969-,1966+
Cycle=579;Copy_count=0.0236894541095;Length=4963;IsCyclicPath=True;CycleClass=Invalid;Segments=1769+,1776-
Cycle=580;Copy_count=0.0234517712535;Length=13015;IsCyclicPath=True;CycleClass=Invalid;Segments=514-,513+
Cycle=581;Copy_count=0.0610941727327;Length=63675;IsCyclicPath=True;CycleClass=Invalid;Segments=510-,508+
Cycle=582;Copy_count=0.569076903644;Length=174278;IsCyclicPath=True;CycleClass=Invalid;Segments=501+,504-
Cycle=583;Copy_count=0.0366776190256;Length=95377;IsCyclicPath=True;CycleClass=Invalid;Segments=505-,506+
Cycle=584;Copy_count=0.0224007332007;Length=31036;IsCyclicPath=True;CycleClass=Invalid;Segments=598-,597+
Cycle=585;Copy_count=0.0223611523841;Length=65749;IsCyclicPath=True;CycleClass=Invalid;Segments=1178+,1183-
Cycle=586;Copy_count=0.0223495825305;Length=35720;IsCyclicPath=True;CycleClass=Invalid;Segments=929-,928+
Cycle=587;Copy_count=0.0223495825305;Length=24643;IsCyclicPath=True;CycleClass=Invalid;Segments=931-,930+
Cycle=588;Copy_count=0.0223495825305;Length=19155;IsCyclicPath=True;CycleClass=Invalid;Segments=936-,932+
Cycle=589;Copy_count=0.0266572920737;Length=35720;IsCyclicPath=True;CycleClass=Invalid;Segments=929-,928+
Cycle=590;Copy_count=0.0215048837661;Length=102376;IsCyclicPath=True;CycleClass=Invalid;Segments=1388+,1396-
Cycle=591;Copy_count=0.0214115167142;Length=142784;IsCyclicPath=True;CycleClass=Invalid;Segments=1672+,1680-
Cycle=592;Copy_count=0.0213936378145;Length=37456;IsCyclicPath=True;CycleClass=Invalid;Segments=1816-,1820+
Cycle=593;Copy_count=0.0212042580905;Length=33296;IsCyclicPath=True;CycleClass=Invalid;Segments=1114-,1111+
Cycle=594;Copy_count=0.147168802554;Length=128080;IsCyclicPath=True;CycleClass=Invalid;Segments=1096-,1099+
Cycle=595;Copy_count=0.068295950081;Length=178602;IsCyclicPath=True;CycleClass=Invalid;Segments=1080+,1084-
Cycle=596;Copy_count=0.068295950081;Length=175464;IsCyclicPath=True;CycleClass=Invalid;Segments=1093-,1089+
Cycle=597;Copy_count=0.068295950081;Length=216430;IsCyclicPath=True;CycleClass=Invalid;Segments=1081-,1085+
Cycle=598;Copy_count=0.0650553291849;Length=107626;IsCyclicPath=True;CycleClass=Invalid;Segments=1088-,1092+
Cycle=599;Copy_count=0.0352085794153;Length=161760;IsCyclicPath=True;CycleClass=Invalid;Segments=1101-,1102+
Cycle=600;Copy_count=0.0304664094009;Length=186442;IsCyclicPath=True;CycleClass=Invalid;Segments=1103-,1104+
Cycle=601;Copy_count=0.0296562688532;Length=84224;IsCyclicPath=True;CycleClass=Invalid;Segments=1095+,1098-
Cycle=602;Copy_count=0.0228253608515;Length=187629;IsCyclicPath=True;CycleClass=Invalid;Segments=1062+,1072-
Cycle=603;Copy_count=0.0226729201469;Length=211936;IsCyclicPath=True;CycleClass=Invalid;Segments=1063-,1073+
Cycle=604;Copy_count=0.0211189962047;Length=15291;IsCyclicPath=True;CycleClass=Invalid;Segments=93-,94+
Cycle=605;Copy_count=0.0753366426241;Length=47980;IsCyclicPath=True;CycleClass=Invalid;Segments=87+,90-
Cycle=606;Copy_count=0.0210435458774;Length=9062;IsCyclicPath=True;CycleClass=Invalid;Segments=1199-,1205+
Cycle=607;Copy_count=0.0195915145166;Length=39369;IsCyclicPath=True;CycleClass=Invalid;Segments=1759+,1762-
Cycle=608;Copy_count=0.0194995290598;Length=42733;IsCyclicPath=True;CycleClass=Invalid;Segments=738+,739-
Cycle=609;Copy_count=0.303869454825;Length=242174;IsCyclicPath=True;CycleClass=Invalid;Segments=722-,731+
Cycle=610;Copy_count=0.276546535234;Length=263170;IsCyclicPath=True;CycleClass=Invalid;Segments=723-,732+
Cycle=611;Copy_count=0.042643066482;Length=194572;IsCyclicPath=True;CycleClass=Invalid;Segments=730-,721+
Cycle=612;Copy_count=0.0418979145891;Length=104255;IsCyclicPath=True;CycleClass=Invalid;Segments=734+,735-
Cycle=613;Copy_count=0.0291503141356;Length=253905;IsCyclicPath=True;CycleClass=Invalid;Segments=703+,706-
Cycle=614;Copy_count=0.0291503141356;Length=263032;IsCyclicPath=True;CycleClass=Invalid;Segments=704+,708-
Cycle=615;Copy_count=0.0193133746898;Length=341465;IsCyclicPath=True;CycleClass=Invalid;Segments=1903+,1905-
Cycle=616;Copy_count=0.0192604836908;Length=194067;IsCyclicPath=True;CycleClass=Invalid;Segments=1264+,1273-
Cycle=617;Copy_count=0.0190261700955;Length=124300;IsCyclicPath=True;CycleClass=Invalid;Segments=674+,676-
Cycle=618;Copy_count=0.018893228415;Length=155053;IsCyclicPath=True;CycleClass=Invalid;Segments=1713+,1724-
Cycle=619;Copy_count=0.0188826711829;Length=22928;IsCyclicPath=True;CycleClass=Invalid;Segments=1898-,1899+
Cycle=620;Copy_count=0.0187159279592;Length=24449;IsCyclicPath=True;CycleClass=Invalid;Segments=369+,370-
Cycle=621;Copy_count=0.188003792971;Length=79295;IsCyclicPath=True;CycleClass=Invalid;Segments=361+,364-
Cycle=622;Copy_count=0.108990972552;Length=86027;IsCyclicPath=True;CycleClass=Invalid;Segments=362+,363-
Cycle=623;Copy_count=0.165256747563;Length=121358;IsCyclicPath=True;CycleClass=Invalid;Segments=353-,359+
Cycle=624;Copy_count=0.0275788852734;Length=220923;IsCyclicPath=True;CycleClass=Invalid;Segments=331-,341+
Cycle=625;Copy_count=0.0231649597063;Length=236743;IsCyclicPath=True;CycleClass=Invalid;Segments=332-,342+
Cycle=626;Copy_count=0.0216029793198;Length=248874;IsCyclicPath=True;CycleClass=Invalid;Segments=309+,322-
Cycle=627;Copy_count=0.0186735117961;Length=8975;IsCyclicPath=True;CycleClass=Invalid;Segments=63-,68+
Cycle=628;Copy_count=0.0184841562217;Length=53051;IsCyclicPath=True;CycleClass=Invalid;Segments=1770-,1777+
Cycle=629;Copy_count=0.0180800395813;Length=15627;IsCyclicPath=True;CycleClass=Invalid;Segments=1010-,1008+
Cycle=630;Copy_count=0.0178854405749;Length=30383;IsCyclicPath=True;CycleClass=Invalid;Segments=890+,893-
Cycle=631;Copy_count=0.0178784667783;Length=102199;IsCyclicPath=True;CycleClass=Invalid;Segments=1384-,1392+
Cycle=632;Copy_count=0.0178130409708;Length=3654;IsCyclicPath=True;CycleClass=Invalid;Segments=223+,224-
Cycle=633;Copy_count=0.0177434892388;Length=107818;IsCyclicPath=True;CycleClass=Invalid;Segments=1060-,1070+
Cycle=634;Copy_count=0.0173647439515;Length=123855;IsCyclicPath=True;CycleClass=Invalid;Segments=1061-,1071+
Cycle=635;Copy_count=0.0172530484856;Length=20291;IsCyclicPath=True;CycleClass=Invalid;Segments=1511+,1513-
Cycle=636;Copy_count=0.0333128644154;Length=61314;IsCyclicPath=True;CycleClass=Invalid;Segments=1502-,1503+
Cycle=637;Copy_count=0.0172403468184;Length=30036;IsCyclicPath=True;CycleClass=Invalid;Segments=1021+,1029-
Cycle=638;Copy_count=0.0170755550665;Length=79492;IsCyclicPath=True;CycleClass=Invalid;Segments=956+,964-
Cycle=639;Copy_count=0.0168771067469;Length=169553;IsCyclicPath=True;CycleClass=Invalid;Segments=693-,692+
Cycle=640;Copy_count=0.0167305035113;Length=76480;IsCyclicPath=True;CycleClass=Invalid;Segments=955+,962-
Cycle=641;Copy_count=0.0166662025793;Length=66767;IsCyclicPath=True;CycleClass=Invalid;Segments=1544+,1546-
Cycle=642;Copy_count=0.017474609291;Length=129676;IsCyclicPath=True;CycleClass=Invalid;Segments=1523+,1529-
Cycle=643;Copy_count=0.016491137736;Length=59370;IsCyclicPath=True;CycleClass=Invalid;Segments=1831-,1830+
Cycle=644;Copy_count=0.0162022708902;Length=26560;IsCyclicPath=True;CycleClass=Invalid;Segments=1636+,1644-
Cycle=645;Copy_count=0.0161987821697;Length=76892;IsCyclicPath=True;CycleClass=Invalid;Segments=423+,438-
Cycle=646;Copy_count=0.0161170705012;Length=141452;IsCyclicPath=True;CycleClass=Invalid;Segments=682+,683-
Cycle=647;Copy_count=0.0160427200911;Length=28880;IsCyclicPath=True;CycleClass=Invalid;Segments=606+,607-
Cycle=648;Copy_count=0.0160255076006;Length=33470;IsCyclicPath=True;CycleClass=Invalid;Segments=1857+,1863-
Cycle=649;Copy_count=0.0159631354547;Length=18765;IsCyclicPath=True;CycleClass=Invalid;Segments=1622-,1620+,1619-,1623+
Cycle=650;Copy_count=0.0158182477602;Length=197057;IsCyclicPath=True;CycleClass=Invalid;Segments=594-,592+
Cycle=651;Copy_count=0.015811283506;Length=89424;IsCyclicPath=True;CycleClass=Invalid;Segments=1387-,1395+
Cycle=652;Copy_count=0.0157357316427;Length=202876;IsCyclicPath=True;CycleClass=Invalid;Segments=1772-,1779+
Cycle=653;Copy_count=0.0153917702469;Length=523796;IsCyclicPath=False;CycleClass=Invalid;Segments=0+,1948-,1951+,0+
Cycle=654;Copy_count=0.0152759936538;Length=150817;IsCyclicPath=True;CycleClass=Invalid;Segments=1628-,1632+
Cycle=655;Copy_count=0.0152581800348;Length=51373;IsCyclicPath=True;CycleClass=Invalid;Segments=1692+,1695-
Cycle=656;Copy_count=0.0153764401264;Length=317141;IsCyclicPath=True;CycleClass=Invalid;Segments=1677+,1683-
Cycle=657;Copy_count=0.0153764401264;Length=365820;IsCyclicPath=True;CycleClass=Invalid;Segments=1656-,1667+
Cycle=658;Copy_count=0.0153764401264;Length=317692;IsCyclicPath=True;CycleClass=Invalid;Segments=1675-,1685+
Cycle=659;Copy_count=0.0153764401264;Length=366590;IsCyclicPath=True;CycleClass=Invalid;Segments=1657-,1666+
Cycle=660;Copy_count=0.0153764401264;Length=318462;IsCyclicPath=True;CycleClass=Invalid;Segments=1676+,1684-
Cycle=661;Copy_count=0.0148337800397;Length=234012;IsCyclicPath=True;CycleClass=Invalid;Segments=1907+,1910-
Cycle=662;Copy_count=0.0148082632206;Length=34691;IsCyclicPath=True;CycleClass=Invalid;Segments=644+,645-
Cycle=663;Copy_count=0.0146254044443;Length=16153;IsCyclicPath=True;CycleClass=Invalid;Segments=1442+,1443-
Cycle=664;Copy_count=0.36459056837;Length=180677;IsCyclicPath=True;CycleClass=Invalid;Segments=1436+,1439-
Cycle=665;Copy_count=0.175586204316;Length=177248;IsCyclicPath=True;CycleClass=Invalid;Segments=1433-,1431+
Cycle=666;Copy_count=0.0654944557309;Length=116946;IsCyclicPath=True;CycleClass=Invalid;Segments=1429-,1427+
Cycle=667;Copy_count=0.0369584480341;Length=129574;IsCyclicPath=True;CycleClass=Invalid;Segments=1424-,1422+
Cycle=668;Copy_count=0.0369584480341;Length=122824;IsCyclicPath=True;CycleClass=Invalid;Segments=1426-,1428+
Cycle=669;Copy_count=0.019834488653;Length=133770;IsCyclicPath=True;CycleClass=Invalid;Segments=1423-,1425+
Cycle=670;Copy_count=0.0144671438334;Length=22305;IsCyclicPath=True;CycleClass=Invalid;Segments=330-,340+
Cycle=671;Copy_count=0.0142800366812;Length=141676;IsCyclicPath=True;CycleClass=Invalid;Segments=1541-,1536+
Cycle=672;Copy_count=0.0586128340569;Length=262765;IsCyclicPath=True;CycleClass=Invalid;Segments=1504-,1505+
Cycle=673;Copy_count=0.0473884733959;Length=345810;IsCyclicPath=True;CycleClass=Invalid;Segments=1470-,1479+
Cycle=674;Copy_count=0.0274990170764;Length=256912;IsCyclicPath=True;CycleClass=Invalid;Segments=1487+,1495-
Cycle=675;Copy_count=0.0246286395988;Length=253816;IsCyclicPath=True;CycleClass=Invalid;Segments=1486-,1494+
Cycle=676;Copy_count=0.0143149488933;Length=357897;IsCyclicPath=True;CycleClass=Invalid;Segments=1471+,1480-
Cycle=677;Copy_count=0.014227561382;Length=71403;IsCyclicPath=True;CycleClass=Invalid;Segments=1137-,1132+
Cycle=678;Copy_count=0.0140550083966;Length=259349;IsCyclicPath=True;CycleClass=Invalid;Segments=1265+,1274-
Cycle=679;Copy_count=0.0139245352526;Length=58853;IsCyclicPath=True;CycleClass=Invalid;Segments=1155-,1149-,1147+
Cycle=680;Copy_count=0.0139245352526;Length=57481;IsCyclicPath=True;CycleClass=Invalid;Segments=1156-,1149-,1146+
Cycle=681;Copy_count=0.0139245352526;Length=62869;IsCyclicPath=True;CycleClass=Invalid;Segments=1152-,1150+,1157-
Cycle=682;Copy_count=0.0139245352526;Length=127316;IsCyclicPath=True;CycleClass=Invalid;Segments=1149-,1148+,1159-
Cycle=683;Copy_count=0.0139245352526;Length=118780;IsCyclicPath=True;CycleClass=Invalid;Segments=1152-,1151+,1159-
Cycle=684;Copy_count=0.0139245352526;Length=95758;IsCyclicPath=True;CycleClass=Invalid;Segments=1165-,1163+
Cycle=685;Copy_count=0.0139245352526;Length=92543;IsCyclicPath=True;CycleClass=Invalid;Segments=1168-,1166+
Cycle=686;Copy_count=0.0138948233971;Length=19967;IsCyclicPath=True;CycleClass=Invalid;Segments=1238+,1239-
Cycle=687;Copy_count=0.0524566615521;Length=62524;IsCyclicPath=True;CycleClass=Invalid;Segments=1220+,1225-
Cycle=688;Copy_count=0.0524566615521;Length=97716;IsCyclicPath=True;CycleClass=Invalid;Segments=1218+,1232-
Cycle=689;Copy_count=0.0172987568148;Length=91640;IsCyclicPath=True;CycleClass=Invalid;Segments=1221+,1226-
Cycle=690;Copy_count=0.0172987568148;Length=87780;IsCyclicPath=True;CycleClass=Invalid;Segments=1229-,1235+
Cycle=691;Copy_count=0.0136899299944;Length=255883;IsCyclicPath=True;CycleClass=Invalid;Segments=1673+,1681-
Cycle=692;Copy_count=0.0136822726436;Length=91638;IsCyclicPath=True;CycleClass=Invalid;Segments=866+,867-
Cycle=693;Copy_count=0.376794789186;Length=171713;IsCyclicPath=True;CycleClass=Invalid;Segments=854+,857-
Cycle=694;Copy_count=0.0722371872383;Length=157894;IsCyclicPath=True;CycleClass=Invalid;Segments=859-,861+
Cycle=695;Copy_count=0.0330748919934;Length=144368;IsCyclicPath=True;CycleClass=Invalid;Segments=862-,863+
Cycle=696;Copy_count=0.0136188786975;Length=225457;IsCyclicPath=True;CycleClass=Invalid;Segments=1064-,1074+
Cycle=697;Copy_count=0.0135519083993;Length=118919;IsCyclicPath=True;CycleClass=Invalid;Segments=412-,411+
Cycle=698;Copy_count=0.0135417547373;Length=41478;IsCyclicPath=True;CycleClass=Invalid;Segments=596-,595+
Cycle=699;Copy_count=0.259747674672;Length=443453;IsCyclicPath=True;CycleClass=Invalid;Segments=581+,584-
Cycle=700;Copy_count=0.0507567785091;Length=280542;IsCyclicPath=True;CycleClass=Invalid;Segments=583-,580+
Cycle=701;Copy_count=0.0456222727959;Length=232714;IsCyclicPath=True;CycleClass=Invalid;Segments=586-,585+
Cycle=702;Copy_count=0.0296367145946;Length=324028;IsCyclicPath=True;CycleClass=Invalid;Segments=577+,578-
Cycle=703;Copy_count=0.0364812030899;Length=370887;IsCyclicPath=True;CycleClass=Invalid;Segments=574-,573+
Cycle=704;Copy_count=0.0227330820071;Length=343425;IsCyclicPath=True;CycleClass=Invalid;Segments=575+,576-
Cycle=705;Copy_count=0.174336267396;Length=534287;IsCyclicPath=True;CycleClass=Invalid;Segments=557-,558+
Cycle=706;Copy_count=0.106760733561;Length=429341;IsCyclicPath=True;CycleClass=Invalid;Segments=562-,561+
Cycle=707;Copy_count=0.0548336348993;Length=417848;IsCyclicPath=True;CycleClass=Invalid;Segments=566+,570-
Cycle=708;Copy_count=0.0142380090498;Length=409721;IsCyclicPath=True;CycleClass=Invalid;Segments=565+,569-
Cycle=709;Copy_count=0.013292396934;Length=103932;IsCyclicPath=True;CycleClass=Invalid;Segments=1310+,1314-
Cycle=710;Copy_count=0.0819903371043;Length=631701;IsCyclicPath=True;CycleClass=Invalid;Segments=1261-,1270+
Cycle=711;Copy_count=0.0768185811592;Length=629957;IsCyclicPath=True;CycleClass=Invalid;Segments=1268-,1277+
Cycle=712;Copy_count=0.0663645301693;Length=594675;IsCyclicPath=True;CycleClass=Invalid;Segments=1280+,1283-
Cycle=713;Copy_count=0.0130234056076;Length=88256;IsCyclicPath=True;CycleClass=Invalid;Segments=197+,200-
Cycle=714;Copy_count=0.149084046719;Length=291612;IsCyclicPath=True;CycleClass=Invalid;Segments=189+,190-
Cycle=715;Copy_count=0.0393082553983;Length=152389;IsCyclicPath=True;CycleClass=Invalid;Segments=188+,192-
Cycle=716;Copy_count=0.146472717792;Length=247859;IsCyclicPath=True;CycleClass=Invalid;Segments=147+,172-
Cycle=717;Copy_count=0.0537327159865;Length=324159;IsCyclicPath=True;CycleClass=Invalid;Segments=180+,183-
Cycle=718;Copy_count=0.0351599705068;Length=186153;IsCyclicPath=True;CycleClass=Invalid;Segments=179+,182-
Cycle=719;Copy_count=0.0202307540625;Length=241730;IsCyclicPath=True;CycleClass=Invalid;Segments=120+,128-
Cycle=720;Copy_count=0.0195978472355;Length=268903;IsCyclicPath=True;CycleClass=Invalid;Segments=121+,129-
Cycle=721;Copy_count=0.0128361394177;Length=332058;IsCyclicPath=True;CycleClass=Invalid;Segments=1637-,1645+
Cycle=722;Copy_count=0.0127215152311;Length=115724;IsCyclicPath=True;CycleClass=Invalid;Segments=864+,865-
Cycle=723;Copy_count=0.0869965870016;Length=181262;IsCyclicPath=True;CycleClass=Invalid;Segments=842-,845+
Cycle=724;Copy_count=0.0569429863913;Length=280527;IsCyclicPath=True;CycleClass=Invalid;Segments=831+,836-
Cycle=725;Copy_count=0.0401367196548;Length=265204;IsCyclicPath=True;CycleClass=Invalid;Segments=840+,850-
Cycle=726;Copy_count=0.032132607542;Length=222510;IsCyclicPath=True;CycleClass=Invalid;Segments=839+,849-
Cycle=727;Copy_count=0.0231652490254;Length=277191;IsCyclicPath=True;CycleClass=Invalid;Segments=830+,835-
Cycle=728;Copy_count=0.0178017604604;Length=229310;IsCyclicPath=True;CycleClass=Invalid;Segments=828+,833-
Cycle=729;Copy_count=0.0125459917119;Length=330614;IsCyclicPath=True;CycleClass=Invalid;Segments=1654+,1664-
Cycle=730;Copy_count=0.0122514799867;Length=21331;IsCyclicPath=True;CycleClass=Invalid;Segments=1052+,1056-
Cycle=731;Copy_count=0.0340306354236;Length=97459;IsCyclicPath=True;CycleClass=Invalid;Segments=1038+,1041-
Cycle=732;Copy_count=0.0233311825122;Length=93344;IsCyclicPath=True;CycleClass=Invalid;Segments=1037-,1040+
Cycle=733;Copy_count=0.0121858206176;Length=347367;IsCyclicPath=False;CycleClass=Invalid;Segments=0+,1958-,1959+,0+
Cycle=734;Copy_count=0.0119973195253;Length=375564;IsCyclicPath=True;CycleClass=Invalid;Segments=546-,552+
Cycle=735;Copy_count=0.0119849950446;Length=264476;IsCyclicPath=True;CycleClass=Invalid;Segments=310+,323-
Cycle=736;Copy_count=0.0116037928731;Length=212704;IsCyclicPath=True;CycleClass=Invalid;Segments=838+,848-
Cycle=737;Copy_count=0.0115834034741;Length=887;IsCyclicPath=True;CycleClass=Invalid;Segments=61-,66+
Cycle=738;Copy_count=0.0109791992844;Length=20208;IsCyclicPath=True;CycleClass=Invalid;Segments=92-,91+
Cycle=739;Copy_count=0.0340689487597;Length=44765;IsCyclicPath=True;CycleClass=Invalid;Segments=88+,89-
Cycle=740;Copy_count=0.0704898510441;Length=180821;IsCyclicPath=True;CycleClass=Invalid;Segments=82+,86-
Cycle=741;Copy_count=0.057261628996;Length=57614;IsCyclicPath=True;CycleClass=Invalid;Segments=84-,83+
Cycle=742;Copy_count=0.0425892584956;Length=73952;IsCyclicPath=True;CycleClass=Invalid;Segments=78-,76+
Cycle=743;Copy_count=0.02968442163;Length=163283;IsCyclicPath=True;CycleClass=Invalid;Segments=70-,65+
Cycle=744;Copy_count=0.0560167108731;Length=337099;IsCyclicPath=True;CycleClass=Invalid;Segments=33+,36-
Cycle=745;Copy_count=0.0560167108731;Length=321110;IsCyclicPath=True;CycleClass=Invalid;Segments=38+,46-
Cycle=746;Copy_count=0.0360356349648;Length=272576;IsCyclicPath=True;CycleClass=Invalid;Segments=50-,48+
Cycle=747;Copy_count=0.0180719666779;Length=215265;IsCyclicPath=True;CycleClass=Invalid;Segments=44-,41+
Cycle=748;Copy_count=0.0180719666779;Length=227527;IsCyclicPath=True;CycleClass=Invalid;Segments=55-,56+
Cycle=749;Copy_count=0.0115808516628;Length=215265;IsCyclicPath=True;CycleClass=Invalid;Segments=44-,41+
Cycle=750;Copy_count=0.0108746675954;Length=91410;IsCyclicPath=True;CycleClass=Invalid;Segments=1167+,1169-
Cycle=751;Copy_count=0.0122559574038;Length=127316;IsCyclicPath=True;CycleClass=Invalid;Segments=1149-,1148+,1159-
Cycle=752;Copy_count=0.0108091844819;Length=57568;IsCyclicPath=True;CycleClass=Invalid;Segments=422+,437-
Cycle=753;Copy_count=0.0107972324165;Length=95428;IsCyclicPath=True;CycleClass=Invalid;Segments=699-,698+
Cycle=754;Copy_count=0.010672276205;Length=180465;IsCyclicPath=True;CycleClass=Invalid;Segments=426+,441-
Cycle=755;Copy_count=0.0105737753104;Length=17388;IsCyclicPath=True;CycleClass=Invalid;Segments=915-,919+
Cycle=756;Copy_count=0.0105583683684;Length=106823;IsCyclicPath=True;CycleClass=Invalid;Segments=697-,696+
Cycle=757;Copy_count=0.0104915016954;Length=7868;IsCyclicPath=True;CycleClass=Invalid;Segments=914-,918+
Cycle=758;Copy_count=0.0103925895841;Length=54139;IsCyclicPath=True;CycleClass=Invalid;Segments=684+,685-
Cycle=759;Copy_count=0.259922961108;Length=279637;IsCyclicPath=True;CycleClass=Invalid;Segments=675+,677-
Cycle=760;Copy_count=0.0759687376982;Length=255543;IsCyclicPath=True;CycleClass=Invalid;Segments=678+,679-
Cycle=761;Copy_count=0.0103707720126;Length=17932;IsCyclicPath=True;CycleClass=Invalid;Segments=1574-,1573+
Cycle=762;Copy_count=0.203452793194;Length=659843;IsCyclicPath=True;CycleClass=Invalid;Segments=1506-,1507+
Cycle=763;Copy_count=0.15683442967;Length=673696;IsCyclicPath=True;CycleClass=Invalid;Segments=1472-,1482+
Cycle=764;Copy_count=0.0782589203061;Length=678327;IsCyclicPath=True;CycleClass=Invalid;Segments=1499-,1491+
Cycle=765;Copy_count=0.058299210246;Length=369904;IsCyclicPath=True;CycleClass=Invalid;Segments=1489+,1497-
Cycle=766;Copy_count=0.0519754653299;Length=381615;IsCyclicPath=True;CycleClass=Invalid;Segments=1476+,1481-,1467+,1464-
Cycle=767;Copy_count=0.0143508983741;Length=467160;IsCyclicPath=True;CycleClass=Invalid;Segments=1490-,1498+
Cycle=768;Copy_count=0.0100817820142;Length=267710;IsCyclicPath=True;CycleClass=Invalid;Segments=1828+,1829-
Cycle=769;Copy_count=0.297325259056;Length=885080;IsCyclicPath=True;CycleClass=Invalid;Segments=1818+,1822-
Cycle=770;Copy_count=0.235369498993;Length=933205;IsCyclicPath=True;CycleClass=Invalid;Segments=1809+,1815-
Cycle=771;Copy_count=0.120449846031;Length=849110;IsCyclicPath=True;CycleClass=Invalid;Segments=1808+,1814-
Cycle=772;Copy_count=0.0719634632433;Length=1052810;IsCyclicPath=True;CycleClass=Invalid;Segments=1819+,1823-
Cycle=773;Copy_count=0.0187740279152;Length=828339;IsCyclicPath=True;CycleClass=Invalid;Segments=1817+,1821-
Cycle=774;Copy_count=0.0109300290944;Length=528111;IsCyclicPath=True;CycleClass=Invalid;Segments=1824+,1825-
Cycle=775;Copy_count=0.0151212323631;Length=1365101;IsCyclicPath=True;CycleClass=Invalid;Segments=1801-,1796+
Cycle=776;Copy_count=0.0100152094315;Length=23230;IsCyclicPath=True;CycleClass=Invalid;Segments=1006+,1007-
Cycle=777;Copy_count=0.242708941428;Length=95349;IsCyclicPath=True;CycleClass=Invalid;Segments=999-,996+
Cycle=778;Copy_count=0.0218947145082;Length=74939;IsCyclicPath=True;CycleClass=Invalid;Segments=1001-,1000+
Cycle=779;Copy_count=0.0153009707002;Length=70474;IsCyclicPath=True;CycleClass=Invalid;Segments=1003-,1002+
Cycle=780;Copy_count=0.00990259016574;Length=260721;IsCyclicPath=True;CycleClass=Invalid;Segments=1674+,1682-
Cycle=781;Copy_count=0.00974101353198;Length=91640;IsCyclicPath=True;CycleClass=Invalid;Segments=1221+,1226-
Cycle=782;Copy_count=0.147123462571;Length=116473;IsCyclicPath=True;CycleClass=Invalid;Segments=1216-,1217+
Cycle=783;Copy_count=0.0577203338564;Length=132717;IsCyclicPath=True;CycleClass=Invalid;Segments=1213-,1215+
Cycle=784;Copy_count=0.175829714556;Length=871061;IsCyclicPath=True;CycleClass=Invalid;Segments=1203-,1209+
Cycle=785;Copy_count=0.0629223388391;Length=221155;IsCyclicPath=True;CycleClass=Invalid;Segments=1202+,1208-
Cycle=786;Copy_count=0.00973774098192;Length=249982;IsCyclicPath=True;CycleClass=Invalid;Segments=843-,846+
Cycle=787;Copy_count=0.00971898155778;Length=1593813;IsCyclicPath=True;CycleClass=Invalid;Segments=1916+,1924-
Cycle=788;Copy_count=0.00959616053104;Length=31446;IsCyclicPath=True;CycleClass=Invalid;Segments=614+,620-
Cycle=789;Copy_count=0.0095772490878;Length=24643;IsCyclicPath=True;CycleClass=Invalid;Segments=931-,930+
Cycle=790;Copy_count=0.00932939444297;Length=30796;IsCyclicPath=True;CycleClass=Invalid;Segments=232-,240+
Cycle=791;Copy_count=0.00881552492475;Length=85899;IsCyclicPath=True;CycleClass=Invalid;Segments=1737-,1736+
Cycle=792;Copy_count=0.269119457222;Length=641582;IsCyclicPath=True;CycleClass=Invalid;Segments=1717+,1728-
Cycle=793;Copy_count=0.1120261668;Length=770791;IsCyclicPath=True;CycleClass=Invalid;Segments=1719+,1730-
Cycle=794;Copy_count=0.105948542897;Length=659366;IsCyclicPath=True;CycleClass=Invalid;Segments=1718+,1729-
Cycle=795;Copy_count=0.0767878504692;Length=439743;IsCyclicPath=True;CycleClass=Invalid;Segments=1715+,1726-
Cycle=796;Copy_count=0.0547348861174;Length=347142;IsCyclicPath=True;CycleClass=Invalid;Segments=1701-,1709+
Cycle=797;Copy_count=0.0484902400665;Length=794494;IsCyclicPath=True;CycleClass=Invalid;Segments=1720+,1731-
Cycle=798;Copy_count=0.0309412816423;Length=304493;IsCyclicPath=True;CycleClass=Invalid;Segments=1699-,1707+
Cycle=799;Copy_count=0.0239776999873;Length=848458;IsCyclicPath=True;CycleClass=Invalid;Segments=1721+,1732-
Cycle=800;Copy_count=0.02199281827;Length=307911;IsCyclicPath=True;CycleClass=Invalid;Segments=1700-,1708+
Cycle=801;Copy_count=0.0198914931285;Length=187020;IsCyclicPath=True;CycleClass=Invalid;Segments=1714+,1725-
Cycle=802;Copy_count=0.0141977626089;Length=450596;IsCyclicPath=True;CycleClass=Invalid;Segments=1716+,1727-
Cycle=803;Copy_count=0.00859062014148;Length=129167;IsCyclicPath=True;CycleClass=Invalid;Segments=695-,694+
Cycle=804;Copy_count=0.00858137199835;Length=73022;IsCyclicPath=True;CycleClass=Invalid;Segments=921-,917+
Cycle=805;Copy_count=0.00856186213411;Length=115183;IsCyclicPath=True;CycleClass=Invalid;Segments=783+,784-
Cycle=806;Copy_count=0.0085427656302;Length=148070;IsCyclicPath=True;CycleClass=Invalid;Segments=772+,777-
Cycle=807;Copy_count=0.0085427656302;Length=148340;IsCyclicPath=True;CycleClass=Invalid;Segments=771+,778-
Cycle=808;Copy_count=0.0085427656302;Length=178149;IsCyclicPath=True;CycleClass=Invalid;Segments=751+,763-
Cycle=809;Copy_count=0.008243955058;Length=27209;IsCyclicPath=True;CycleClass=Invalid;Segments=1020-,1028+
Cycle=810;Copy_count=0.00798986892228;Length=446207;IsCyclicPath=True;CycleClass=Invalid;Segments=547-,553+
Cycle=811;Copy_count=0.00782538130356;Length=392173;IsCyclicPath=True;CycleClass=Invalid;Segments=1638+,1646-
Cycle=812;Copy_count=0.00768183196859;Length=242028;IsCyclicPath=True;CycleClass=Invalid;Segments=829+,834-
Cycle=813;Copy_count=0.00760429823183;Length=41746;IsCyclicPath=True;CycleClass=Invalid;Segments=1005-,1004+
Cycle=814;Copy_count=0.041314288928;Length=255252;IsCyclicPath=True;CycleClass=Invalid;Segments=960+,966-
Cycle=815;Copy_count=0.041314288928;Length=260019;IsCyclicPath=True;CycleClass=Invalid;Segments=959-,967+
Cycle=816;Copy_count=0.041314288928;Length=275373;IsCyclicPath=True;CycleClass=Invalid;Segments=945-,948+
Cycle=817;Copy_count=0.041314288928;Length=267600;IsCyclicPath=True;CycleClass=Invalid;Segments=950-,952+
Cycle=818;Copy_count=0.041314288928;Length=243340;IsCyclicPath=True;CycleClass=Invalid;Segments=969-,971+
Cycle=819;Copy_count=0.041314288928;Length=231777;IsCyclicPath=True;CycleClass=Invalid;Segments=973-,983+
Cycle=820;Copy_count=0.0231061032836;Length=205670;IsCyclicPath=True;CycleClass=Invalid;Segments=985-,987+
Cycle=821;Copy_count=0.0258472074445;Length=230798;IsCyclicPath=True;CycleClass=Invalid;Segments=977-,981+
Cycle=822;Copy_count=0.0421801155943;Length=281063;IsCyclicPath=True;CycleClass=Invalid;Segments=946-,949+
Cycle=823;Copy_count=0.0172567409182;Length=273290;IsCyclicPath=True;CycleClass=Invalid;Segments=951-,953+
Cycle=824;Copy_count=0.0135046504138;Length=255252;IsCyclicPath=True;CycleClass=Invalid;Segments=960+,966-
Cycle=825;Copy_count=0.00749619964708;Length=69487;IsCyclicPath=True;CycleClass=Invalid;Segments=680-,681+
Cycle=826;Copy_count=0.193840612998;Length=541086;IsCyclicPath=True;CycleClass=Invalid;Segments=667-,666+
Cycle=827;Copy_count=0.0913002127281;Length=298528;IsCyclicPath=True;CycleClass=Invalid;Segments=670+,673-
Cycle=828;Copy_count=0.232845923362;Length=633191;IsCyclicPath=True;CycleClass=Invalid;Segments=657-,656+
Cycle=829;Copy_count=0.1268323553;Length=620425;IsCyclicPath=True;CycleClass=Invalid;Segments=665-,661+
Cycle=830;Copy_count=0.178679705551;Length=644653;IsCyclicPath=True;CycleClass=Invalid;Segments=655-,652+
Cycle=831;Copy_count=0.00740762853167;Length=505960;IsCyclicPath=True;CycleClass=Invalid;Segments=1702+,1710-
Cycle=832;Copy_count=0.0074007202794;Length=83641;IsCyclicPath=True;CycleClass=Invalid;Segments=1782-,1784+
Cycle=833;Copy_count=0.00710182627218;Length=137810;IsCyclicPath=True;CycleClass=Invalid;Segments=1418+,1421-
Cycle=834;Copy_count=0.1020804669;Length=323137;IsCyclicPath=True;CycleClass=Invalid;Segments=1389+,1397-
Cycle=835;Copy_count=0.0475665162415;Length=233768;IsCyclicPath=True;CycleClass=Invalid;Segments=1399+,1401-
Cycle=836;Copy_count=0.102078777713;Length=324692;IsCyclicPath=True;CycleClass=Invalid;Segments=1385+,1393-
Cycle=837;Copy_count=0.0412731832248;Length=261801;IsCyclicPath=True;CycleClass=Invalid;Segments=1370-,1374+
Cycle=838;Copy_count=0.0258222059269;Length=260827;IsCyclicPath=True;CycleClass=Invalid;Segments=1366+,1377-
Cycle=839;Copy_count=0.0169498981872;Length=253509;IsCyclicPath=True;CycleClass=Invalid;Segments=1379-,1381+
Cycle=840;Copy_count=0.00682447095609;Length=148070;IsCyclicPath=True;CycleClass=Invalid;Segments=772+,777-
Cycle=841;Copy_count=0.00677880024648;Length=605100;IsCyclicPath=True;CycleClass=Invalid;Segments=549-,555+
Cycle=842;Copy_count=0.0066230449156;Length=1196072;IsCyclicPath=True;CycleClass=Invalid;Segments=1790+,1791-
Cycle=843;Copy_count=0.00736852738195;Length=1698052;IsCyclicPath=True;CycleClass=Invalid;Segments=1781-,1774+
Cycle=844;Copy_count=0.00729372732548;Length=1534011;IsCyclicPath=True;CycleClass=Invalid;Segments=1785-,1783+
Cycle=845;Copy_count=0.0308525911942;Length=2630156;IsCyclicPath=True;CycleClass=Invalid;Segments=1711-,1703+
Cycle=846;Copy_count=0.0253287095445;Length=2718552;IsCyclicPath=True;CycleClass=Invalid;Segments=1722+,1733-
Cycle=847;Copy_count=0.0073656627428;Length=2512815;IsCyclicPath=True;CycleClass=Invalid;Segments=1735-,1734+
Cycle=848;Copy_count=0.0153764401264;Length=3053532;IsCyclicPath=True;CycleClass=Invalid;Segments=1689+,1691-
Cycle=849;Copy_count=0.0065069214789;Length=1238759;IsCyclicPath=True;CycleClass=Invalid;Segments=1860+,1866-
Cycle=850;Copy_count=0.00644044789086;Length=2791744;IsCyclicPath=True;CycleClass=Invalid;Segments=1658-,1668+
Cycle=851;Copy_count=0.00637716426209;Length=178149;IsCyclicPath=True;CycleClass=Invalid;Segments=752+,762-
Cycle=852;Copy_count=0.00627585952879;Length=327222;IsCyclicPath=True;CycleClass=Invalid;Segments=1488-,1496+
Cycle=853;Copy_count=0.00627404794065;Length=52292;IsCyclicPath=True;CycleClass=Invalid;Segments=805-,809+
Cycle=854;Copy_count=0.00621732799736;Length=237650;IsCyclicPath=True;CycleClass=Invalid;Segments=968-,970+
Cycle=855;Copy_count=0.0057667010299;Length=839576;IsCyclicPath=True;CycleClass=Invalid;Segments=1678+,1686-
Cycle=856;Copy_count=0.00576172414039;Length=207002;IsCyclicPath=True;CycleClass=Invalid;Segments=1485-,1493+
Cycle=857;Copy_count=0.00550093390559;Length=738794;IsCyclicPath=True;CycleClass=Invalid;Segments=1949-,1950+
Cycle=858;Copy_count=0.00460501119839;Length=210137;IsCyclicPath=True;CycleClass=Invalid;Segments=32+,35-
Cycle=859;Copy_count=0.212610453293;Length=437299;IsCyclicPath=False;CycleClass=Invalid;Segments=0+,16+,17-,0+
Cycle=860;Copy_count=0.121321962365;Length=431061;IsCyclicPath=False;CycleClass=Invalid;Segments=0+,15+,14-,0+
Cycle=861;Copy_count=0.0480460777057;Length=370243;IsCyclicPath=True;CycleClass=Invalid;Segments=21+,23-
Cycle=862;Copy_count=0.0235878890454;Length=289130;IsCyclicPath=True;CycleClass=Invalid;Segments=25+,26-
Cycle=863;Copy_count=0.0220719274935;Length=401005;IsCyclicPath=True;CycleClass=Invalid;Segments=22+,24-
Cycle=864;Copy_count=0.00450243967134;Length=393494;IsCyclicPath=True;CycleClass=Invalid;Segments=1639-,1647+
Cycle=865;Copy_count=0.00421748386507;Length=451009;IsCyclicPath=True;CycleClass=Invalid;Segments=548-,554+
Cycle=866;Copy_count=0.00405543803518;Length=234120;IsCyclicPath=True;CycleClass=Invalid;Segments=1469+,1478-
Cycle=867;Copy_count=0.00376502215096;Length=49178;IsCyclicPath=True;CycleClass=Invalid;Segments=485+,487-
Cycle=868;Copy_count=0.0854742478446;Length=275934;IsCyclicPath=True;CycleClass=Invalid;Segments=428+,444-
Cycle=869;Copy_count=0.0523644570736;Length=450015;IsCyclicPath=True;CycleClass=Invalid;Segments=453+,466-
Cycle=870;Copy_count=0.0472472603369;Length=386653;IsCyclicPath=True;CycleClass=Invalid;Segments=469-,471+
Cycle=871;Copy_count=0.0406651299085;Length=270172;IsCyclicPath=True;CycleClass=Invalid;Segments=427+,442-
Cycle=872;Copy_count=0.0406584143221;Length=241822;IsCyclicPath=True;CycleClass=Invalid;Segments=451+,464-
Cycle=873;Copy_count=0.0349694853067;Length=295392;IsCyclicPath=True;CycleClass=Invalid;Segments=431+,446-
Cycle=874;Copy_count=0.0342852971218;Length=372369;IsCyclicPath=True;CycleClass=Invalid;Segments=452+,465-
Cycle=875;Copy_count=0.0244105346838;Length=239578;IsCyclicPath=True;CycleClass=Invalid;Segments=457-,461+
Cycle=876;Copy_count=0.00886970831804;Length=400587;IsCyclicPath=True;CycleClass=Invalid;Segments=432+,447-
Cycle=877;Copy_count=0.00575446728513;Length=273803;IsCyclicPath=True;CycleClass=Invalid;Segments=429+,443-
Cycle=878;Copy_count=0.00362013708946;Length=62869;IsCyclicPath=True;CycleClass=Invalid;Segments=1152-,1150+,1157-
Cycle=879;Copy_count=0.00351937753213;Length=39847;IsCyclicPath=True;CycleClass=Invalid;Segments=1164-,1162+
Cycle=880;Copy_count=0.017805343213;Length=194444;IsCyclicPath=True;CycleClass=Invalid;Segments=1133+,1158-,1138-
Cycle=881;Copy_count=0.0580893432733;Length=626535;IsCyclicPath=True;CycleClass=Invalid;Segments=1160+,1161-,1086-,1082+
Cycle=882;Copy_count=0.00561019426597;Length=404475;IsCyclicPath=True;CycleClass=Invalid;Segments=1090+,1158-,1094-
Cycle=883;Copy_count=0.00329088287575;Length=397582;IsCyclicPath=True;CycleClass=Invalid;Segments=1097+,1158-,1100-
Cycle=884;Copy_count=0.00301697488646;Length=3005958;IsCyclicPath=True;CycleClass=Invalid;Segments=1660-,1670+
Cycle=885;Copy_count=0.00279856113388;Length=3081248;IsCyclicPath=True;CycleClass=Invalid;Segments=1679+,1687-
Cycle=886;Copy_count=0.00262096126479;Length=431015;IsCyclicPath=True;CycleClass=Invalid;Segments=1075-,1066+,1158-
Cycle=887;Copy_count=0.00262096126479;Length=432164;IsCyclicPath=True;CycleClass=Invalid;Segments=1077-,1066+
Cycle=888;Copy_count=0.00262096126479;Length=440301;IsCyclicPath=True;CycleClass=Invalid;Segments=1078-,1067+
Cycle=889;Copy_count=0.00262096126479;Length=400057;IsCyclicPath=True;CycleClass=Invalid;Segments=1105-,1106+
Cycle=890;Copy_count=0.00258593754059;Length=183168;IsCyclicPath=True;CycleClass=Invalid;Segments=629+,632-
Cycle=891;Copy_count=0.204052523476;Length=281882;IsCyclicPath=True;CycleClass=Invalid;Segments=617+,623-
Cycle=892;Copy_count=0.00776033502271;Length=918927;IsCyclicPath=True;CycleClass=Invalid;Segments=542+,544-
Cycle=893;Copy_count=0.00679117107326;Length=900811;IsCyclicPath=True;CycleClass=Invalid;Segments=556-,550+
Cycle=894;Copy_count=0.00669808137431;Length=873672;IsCyclicPath=True;CycleClass=Invalid;Segments=559-,560+
Cycle=895;Copy_count=0.00659730758183;Length=921320;IsCyclicPath=True;CycleClass=Invalid;Segments=541+,543-
Cycle=896;Copy_count=0.00424411083748;Length=939490;IsCyclicPath=True;CycleClass=Invalid;Segments=539+,540-
Cycle=897;Copy_count=0.00744453294909;Length=945226;IsCyclicPath=True;CycleClass=Invalid;Segments=534+,537-
Cycle=898;Copy_count=0.00355457893988;Length=947108;IsCyclicPath=True;CycleClass=Invalid;Segments=533+,536-
Cycle=899;Copy_count=0.00355457893988;Length=945773;IsCyclicPath=True;CycleClass=Invalid;Segments=531+,538-
Cycle=900;Copy_count=0.00215290506585;Length=692304;IsCyclicPath=True;CycleClass=Invalid;Segments=1640+,1648-
Cycle=901;Copy_count=0.00200233064104;Length=3164354;IsCyclicPath=True;CycleClass=Invalid;Segments=1641+,1649-
Cycle=902;Copy_count=0.00200124039292;Length=370466;IsCyclicPath=True;CycleClass=Invalid;Segments=1065-,1076+
Cycle=903;Copy_count=0.00194964851228;Length=71736;IsCyclicPath=True;CycleClass=Invalid;Segments=923-,913+
Cycle=904;Copy_count=0.0169956417126;Length=126246;IsCyclicPath=True;CycleClass=Invalid;Segments=897-,882+
Cycle=905;Copy_count=0.0148736433145;Length=123779;IsCyclicPath=True;CycleClass=Invalid;Segments=894-,891+
Cycle=906;Copy_count=0.00887906519072;Length=127805;IsCyclicPath=True;CycleClass=Invalid;Segments=885-,888+
Cycle=907;Copy_count=0.0793867949899;Length=723756;IsCyclicPath=True;CycleClass=Invalid;Segments=841-,851+
Cycle=908;Copy_count=0.0742462889277;Length=723892;IsCyclicPath=True;CycleClass=Invalid;Segments=844-,847+
Cycle=909;Copy_count=0.0724498389259;Length=729418;IsCyclicPath=True;CycleClass=Invalid;Segments=832-,837+
Cycle=910;Copy_count=0.0345513075176;Length=838070;IsCyclicPath=True;CycleClass=Invalid;Segments=807-,811+
Cycle=911;Copy_count=0.00676712475716;Length=516332;IsCyclicPath=True;CycleClass=Invalid;Segments=813-,815+
Cycle=912;Copy_count=0.00325156711099;Length=539444;IsCyclicPath=True;CycleClass=Invalid;Segments=799-,803+
Cycle=913;Copy_count=0.0085427656302;Length=688159;IsCyclicPath=True;CycleClass=Invalid;Segments=774+,780-
Cycle=914;Copy_count=0.0085427656302;Length=713883;IsCyclicPath=True;CycleClass=Invalid;Segments=775+,781-
Cycle=915;Copy_count=0.0085427656302;Length=964395;IsCyclicPath=True;CycleClass=Invalid;Segments=782-,785+
Cycle=916;Copy_count=0.00602512940257;Length=990756;IsCyclicPath=True;CycleClass=Invalid;Segments=755+,766-
Cycle=917;Copy_count=0.00601778858577;Length=1024765;IsCyclicPath=True;CycleClass=Invalid;Segments=767-,757+
Cycle=918;Copy_count=0.00501286468502;Length=743692;IsCyclicPath=True;CycleClass=Invalid;Segments=754+,765-
Cycle=919;Copy_count=0.00484626693783;Length=1019075;IsCyclicPath=True;CycleClass=Invalid;Segments=756-,768+
Cycle=920;Copy_count=0.00211134730314;Length=721431;IsCyclicPath=True;CycleClass=Invalid;Segments=764-,753+
Cycle=921;Copy_count=0.00164262334986;Length=688159;IsCyclicPath=True;CycleClass=Invalid;Segments=774+,780-
Cycle=922;Copy_count=0.00153409459082;Length=59160;IsCyclicPath=True;CycleClass=Invalid;Segments=702+,705-
Cycle=923;Copy_count=0.00121997040058;Length=284507;IsCyclicPath=True;CycleClass=Invalid;Segments=430+,445-
Cycle=924;Copy_count=0.00121821709381;Length=334168;IsCyclicPath=True;CycleClass=Invalid;Segments=1655-,1665+
Cycle=925;Copy_count=0.0011966338837;Length=58556;IsCyclicPath=True;CycleClass=Invalid;Segments=1039-,1036+
Cycle=926;Copy_count=0.0117649753309;Length=810493;IsCyclicPath=True;CycleClass=Invalid;Segments=1025-,1033+
Cycle=927;Copy_count=0.00116465578285;Length=2804811;IsCyclicPath=True;CycleClass=Invalid;Segments=1659-,1669+
Cycle=928;Copy_count=0.00114896691405;Length=1150103;IsCyclicPath=True;CycleClass=Invalid;Segments=758+,769-
Cycle=929;Copy_count=0.000928541685147;Length=599040;IsCyclicPath=True;CycleClass=Invalid;Segments=773-,779+
Cycle=930;Copy_count=0.000685566239212;Length=317692;IsCyclicPath=True;CycleClass=Invalid;Segments=1675-,1685+
Cycle=931;Copy_count=0.000453901525684;Length=486462;IsCyclicPath=True;CycleClass=Invalid;Segments=311+,401-,324-
Cycle=932;Copy_count=0.000453901525684;Length=465608;IsCyclicPath=True;CycleClass=Invalid;Segments=401-,343-,333+
Cycle=933;Copy_count=0.000453901525684;Length=516453;IsCyclicPath=True;CycleClass=Invalid;Segments=402-,343-,334+
Cycle=934;Copy_count=0.000453901525684;Length=537307;IsCyclicPath=True;CycleClass=Invalid;Segments=312+,402-,324-
Cycle=935;Copy_count=0.000453901525684;Length=539969;IsCyclicPath=True;CycleClass=Invalid;Segments=403-,343-,335+
Cycle=936;Copy_count=0.000453901525684;Length=560823;IsCyclicPath=True;CycleClass=Invalid;Segments=313+,403-,324-
Cycle=937;Copy_count=0.000453901525684;Length=561323;IsCyclicPath=True;CycleClass=Invalid;Segments=313+,325-
Cycle=938;Copy_count=0.000453901525684;Length=540469;IsCyclicPath=True;CycleClass=Invalid;Segments=344-,335+
Cycle=939;Copy_count=0.000453901525684;Length=588479;IsCyclicPath=True;CycleClass=Invalid;Segments=326-,314+
Cycle=940;Copy_count=0.000453901525684;Length=567625;IsCyclicPath=True;CycleClass=Invalid;Segments=345-,336+
Cycle=941;Copy_count=0.000453901525684;Length=881334;IsCyclicPath=True;CycleClass=Invalid;Segments=315+,327-
Cycle=942;Copy_count=0.000453901525684;Length=860480;IsCyclicPath=True;CycleClass=Invalid;Segments=346-,337+
Cycle=943;Copy_count=0.000453901525684;Length=931925;IsCyclicPath=True;CycleClass=Invalid;Segments=329-,317+
Cycle=944;Copy_count=0.000453901525684;Length=911071;IsCyclicPath=True;CycleClass=Invalid;Segments=348-,339+
Cycle=945;Copy_count=0.000453901525684;Length=917605;IsCyclicPath=True;CycleClass=Invalid;Segments=316-,328+
Cycle=946;Copy_count=0.000453901525684;Length=896751;IsCyclicPath=True;CycleClass=Invalid;Segments=338-,347+
Cycle=947;Copy_count=0.000453901525684;Length=622931;IsCyclicPath=False;CycleClass=Invalid;Segments=0+,389+,390-,0+
Cycle=948;Copy_count=0.00039361447317;Length=392344;IsCyclicPath=True;CycleClass=Invalid;Segments=354+,360-
Cycle=949;Copy_count=0.00034482437881;Length=1154493;IsCyclicPath=True;CycleClass=Invalid;Segments=1859-,1865+
Cycle=950;Copy_count=0.000343254330383;Length=587979;IsCyclicPath=True;CycleClass=Invalid;Segments=404-,324-,314+
Cycle=951;Copy_count=0.000221104872175;Length=860480;IsCyclicPath=True;CycleClass=Invalid;Segments=346-,337+
Cycle=952;Copy_count=0.00716042872029;Length=940583;IsCyclicPath=True;CycleClass=Invalid;Segments=292+,297-
Cycle=953;Copy_count=0.0235921740209;Length=969315;IsCyclicPath=True;CycleClass=Invalid;Segments=274-,284+
Cycle=954;Copy_count=0.000163029138144;Length=983635;IsCyclicPath=True;CycleClass=Invalid;Segments=275-,285+
Cycle=955;Copy_count=0.000108252579758;Length=538672;IsCyclicPath=True;CycleClass=Invalid;Segments=271+,281-
Cycle=956;Copy_count=6.89914559826e-05;Length=640189;IsCyclicPath=True;CycleClass=Invalid;Segments=272-,282+
Cycle=957;Copy_count=6.42580932466e-05;Length=933044;IsCyclicPath=True;CycleClass=Invalid;Segments=273+,283-
Cycle=958;Copy_count=4.23211082766e-05;Length=873640;IsCyclicPath=True;CycleClass=Invalid;Segments=535-,532+
Cycle=959;Copy_count=0.175791222346;Length=1708100;IsCyclicPath=True;CycleClass=Invalid;Segments=523-,528+
Cycle=960;Copy_count=0.149531864798;Length=1060842;IsCyclicPath=True;CycleClass=Invalid;Segments=522-,527+
Cycle=961;Copy_count=0.072532794008;Length=2018684;IsCyclicPath=True;CycleClass=Invalid;Segments=524-,529+
Cycle=962;Copy_count=0.0395758365332;Length=2030425;IsCyclicPath=True;CycleClass=Invalid;Segments=530-,525+
Cycle=963;Copy_count=0.0703793800144;Length=5365319;IsCyclicPath=True;CycleClass=Invalid;Segments=435+,450-
Cycle=964;Copy_count=0.059723248991;Length=4371370;IsCyclicPath=True;CycleClass=Invalid;Segments=454+,467-
Cycle=965;Copy_count=0.0572880013097;Length=4374208;IsCyclicPath=True;CycleClass=Invalid;Segments=459+,463-
Cycle=966;Copy_count=0.0248021366216;Length=4347091;IsCyclicPath=True;CycleClass=Invalid;Segments=434-,449+
Cycle=967;Copy_count=0.0248021366216;Length=5342646;IsCyclicPath=True;CycleClass=Invalid;Segments=455+,468-
Cycle=968;Copy_count=0.00583171212823;Length=1841286;IsCyclicPath=True;CycleClass=Invalid;Segments=470+,472-
Cycle=969;Copy_count=0.00400711610115;Length=1784305;IsCyclicPath=True;CycleClass=Invalid;Segments=458-,462+
Cycle=970;Copy_count=0.00636160927112;Length=1882635;IsCyclicPath=True;CycleClass=Invalid;Segments=433+,448-
Cycle=971;Copy_count=0.0219007555679;Length=6275197;IsCyclicPath=True;CycleClass=Invalid;Segments=276-,286+
Cycle=972;Copy_count=0.0131762024508;Length=2882842;IsCyclicPath=True;CycleClass=Invalid;Segments=279-,280+
Cycle=973;Copy_count=0.00770946230987;Length=2974674;IsCyclicPath=True;CycleClass=Invalid;Segments=253+,258-
Cycle=974;Copy_count=0.00762597776164;Length=3021425;IsCyclicPath=True;CycleClass=Invalid;Segments=264+,270-
Cycle=975;Copy_count=0.018952022864;Length=3627310;IsCyclicPath=True;CycleClass=Invalid;Segments=227+,244-
Cycle=976;Copy_count=0.0154567423589;Length=3368164;IsCyclicPath=True;CycleClass=Invalid;Segments=234+,241-
Cycle=977;Copy_count=0.00267434307317;Length=2931433;IsCyclicPath=True;CycleClass=Invalid;Segments=226+,243-
Cycle=978;Copy_count=0.0162867033598;Length=3962942;IsCyclicPath=True;CycleClass=Invalid;Segments=122+,133-
Cycle=979;Copy_count=0.0160215624248;Length=6367687;IsCyclicPath=True;CycleClass=Invalid;Segments=125-,141+
Cycle=980;Copy_count=0.0149727475143;Length=5857216;IsCyclicPath=True;CycleClass=Invalid;Segments=139-,123+
Cycle=981;Copy_count=0.0135906692155;Length=6478938;IsCyclicPath=True;CycleClass=Invalid;Segments=142-,126+
Cycle=982;Copy_count=0.0122451786028;Length=6308789;IsCyclicPath=True;CycleClass=Invalid;Segments=140-,124+
Cycle=983;Copy_count=0.0118986422976;Length=6536202;IsCyclicPath=True;CycleClass=Invalid;Segments=105+,118-,144+,169-
Cycle=984;Copy_count=0.0109458352917;Length=3455041;IsCyclicPath=True;CycleClass=Invalid;Segments=105+,118-,131+,157-
Cycle=985;Copy_count=0.0109227449813;Length=3936634;IsCyclicPath=True;CycleClass=Invalid;Segments=150+,175-
Cycle=986;Copy_count=0.010540518987;Length=5850955;IsCyclicPath=True;CycleClass=Invalid;Segments=166+,138-,118+,105-
Cycle=987;Copy_count=0.010335524514;Length=5830553;IsCyclicPath=True;CycleClass=Invalid;Segments=181+,184-
Cycle=988;Copy_count=0.00948668691067;Length=5162087;IsCyclicPath=True;CycleClass=Invalid;Segments=110+,161-
Cycle=989;Copy_count=0.00818825105967;Length=5806895;IsCyclicPath=True;CycleClass=Invalid;Segments=151+,176-
Cycle=990;Copy_count=0.00734846145206;Length=5665937;IsCyclicPath=True;CycleClass=Invalid;Segments=105+,118-,136+,164-
Cycle=991;Copy_count=0.00734658283496;Length=6532787;IsCyclicPath=True;CycleClass=Invalid;Segments=111+,168-
Cycle=992;Copy_count=0.00700269713469;Length=6128787;IsCyclicPath=True;CycleClass=Invalid;Segments=152+,177-
Cycle=993;Copy_count=0.00586247692413;Length=5836311;IsCyclicPath=True;CycleClass=Invalid;Segments=105+,118-,137+,165-
Cycle=994;Copy_count=0.00562811117173;Length=6494538;IsCyclicPath=True;CycleClass=Invalid;Segments=105+,118-,143+,167-
Cycle=995;Copy_count=0.00539461997224;Length=6529857;IsCyclicPath=True;CycleClass=Invalid;Segments=153+,178-
Cycle=996;Copy_count=0.00353209778181;Length=3956657;IsCyclicPath=True;CycleClass=Invalid;Segments=108+,159-
Cycle=997;Copy_count=0.00225120406099;Length=3017907;IsCyclicPath=True;CycleClass=Invalid;Segments=106+,155-
Cycle=998;Copy_count=0.00223629229154;Length=2965811;IsCyclicPath=True;CycleClass=Invalid;Segments=105+,115-,113+,154-
Cycle=999;Copy_count=0.0021077468227;Length=5657800;IsCyclicPath=True;CycleClass=Invalid;Segments=105+,118-,135+,163-
Cycle=1000;Copy_count=0.00169311999621;Length=3399397;IsCyclicPath=True;CycleClass=Invalid;Segments=149-,174+
Cycle=1001;Copy_count=0.00138344730782;Length=3314773;IsCyclicPath=True;CycleClass=Invalid;Segments=107+,156-
Cycle=1002;Copy_count=0.00133972663272;Length=3382268;IsCyclicPath=True;CycleClass=Invalid;Segments=148+,173-
Cycle=1003;Copy_count=0.00127215590299;Length=5614654;IsCyclicPath=True;CycleClass=Invalid;Segments=114-,117+
Cycle=1004;Copy_count=0.00107551910073;Length=5026292;IsCyclicPath=True;CycleClass=Invalid;Segments=109+,160-
Cycle=1005;Copy_count=0.000536418508085;Length=5596102;IsCyclicPath=True;CycleClass=Invalid;Segments=105+,118-,134+,162-
Cycle=1006;Copy_count=0.000246009183914;Length=3748946;IsCyclicPath=True;CycleClass=Invalid;Segments=105+,118-,132+,158-
